This is SBCL 2.5.7, an implementation of ANSI Common Lisp.
More information about SBCL is available at <http://www.sbcl.org/>.

SBCL is free software, provided as is, with absolutely no warranty.
It is mostly in the public domain; some portions are provided under
BSD-style licenses.  See the CREDITS and COPYING files in the
distribution for more information.

 ++++++++++++++++++++++++++++++++++++++++++++++++++++++++++++++++++++++++
 + ACL2 Version 8.6+ (a development snapshot based on ACL2 Version 8.6) +
 +   built September 2, 2025  20:03:34.                                 +
 +   (Note from the environment when this executable was saved:         +
 +    Git commit hash: a9dac37a47b7898b9a6195fce3b7beaad1024b79)        +
 + Copyright (C) 2025, Regents of the University of Texas.              +
 + ACL2 comes with ABSOLUTELY NO WARRANTY.  This is free software and   +
 + you are welcome to redistribute it under certain conditions.  For    +
 + details, see the LICENSE file distributed with ACL2.                 +
 ++++++++++++++++++++++++++++++++++++++++++++++++++++++++++++++++++++++++

Project-dir-alist:
((:SYSTEM . "/home/acl2/books/")).
Type :help for help.
Type (quit) to quit completely out of ACL2.

ACL2 !>
Exiting the ACL2 read-eval-print loop.  To re-enter, execute (LP).
* T
* T
* T
* FIND-CERTIFIED-BOOKS
* READ-ACL2-FORMS
* PROCESS-SINGLE-BOOK
* BATCH-PROCESS-ALL-BOOKS
* ACL2ML Batch Processing (Single ACL2 Session)
============================================
Found 1503 books to process

[1/1503] Processing /home/acl2/books/acl2s/portcullis.lisp...
  → Failed

[2/1503] Processing /home/acl2/books/arithmetic-2/meta/cancel-terms-helper.lisp...
  → Failed

[3/1503] Processing /home/acl2/books/arithmetic-2/meta/non-linear.lisp...
  → Failed

[4/1503] Processing /home/acl2/books/arithmetic-2/pass1/basic-arithmetic-helper.lisp...
  → Failed

[5/1503] Processing /home/acl2/books/arithmetic-2/pass1/basic-arithmetic.lisp...
  → Failed

[6/1503] Processing /home/acl2/books/arithmetic-2/pass1/expt-helper.lisp...
  → Failed

[7/1503] Processing /home/acl2/books/arithmetic-2/pass1/expt.lisp...
  → Failed

[8/1503] Processing /home/acl2/books/arithmetic-2/pass1/inequalities.lisp...
  → Failed

[9/1503] Processing /home/acl2/books/arithmetic-2/pass1/mini-theories.lisp...
  → Failed

[10/1503] Processing /home/acl2/books/arithmetic-2/pass1/numerator-and-denominator-helper.lisp...
  → Generated 2 definitions

[11/1503] Processing /home/acl2/books/arithmetic-2/pass1/numerator-and-denominator.lisp...
  → Failed

[12/1503] Processing /home/acl2/books/arithmetic-2/pass1/prefer-times.lisp...
  → Failed

[13/1503] Processing /home/acl2/books/arithmetic-2/pass1/top.lisp...
  → Failed

[14/1503] Processing /home/acl2/books/arithmetic-3/bind-free/arithmetic-theory.lisp...
  → Generated 6 definitions

[15/1503] Processing /home/acl2/books/arithmetic-3/bind-free/banner.lisp...
  → Failed

[16/1503] Processing /home/acl2/books/arithmetic-3/bind-free/basic-helper.lisp...
  → Failed

[17/1503] Processing /home/acl2/books/arithmetic-3/bind-free/basic.lisp...
  → Generated 2 definitions

[18/1503] Processing /home/acl2/books/arithmetic-3/bind-free/building-blocks.lisp...
  → Generated 11 definitions

[19/1503] Processing /home/acl2/books/arithmetic-3/bind-free/collect.lisp...
  → Generated 3 definitions

[20/1503] Processing /home/acl2/books/arithmetic-3/bind-free/common.lisp...
  → Generated 21 definitions

[21/1503] Processing /home/acl2/books/arithmetic-3/bind-free/default-hint.lisp...
  → Generated 1 definitions

[22/1503] Processing /home/acl2/books/arithmetic-3/bind-free/integerp-meta.lisp...
  → Generated 13 definitions

[23/1503] Processing /home/acl2/books/arithmetic-3/bind-free/integerp.lisp...
  → Generated 4 definitions

[24/1503] Processing /home/acl2/books/arithmetic-3/bind-free/mini-theories-helper.lisp...
  → Failed

[25/1503] Processing /home/acl2/books/arithmetic-3/bind-free/mini-theories.lisp...
  → Failed

[26/1503] Processing /home/acl2/books/arithmetic-3/bind-free/normalize.lisp...
  → Generated 20 definitions

[27/1503] Processing /home/acl2/books/arithmetic-3/bind-free/numerator-and-denominator.lisp...
  → Failed

[28/1503] Processing /home/acl2/books/arithmetic-3/bind-free/remove-weak-inequalities.lisp...
  → Generated 3 definitions

[29/1503] Processing /home/acl2/books/arithmetic-3/bind-free/simplify-helper.lisp...
  → Failed

[30/1503] Processing /home/acl2/books/arithmetic-3/bind-free/simplify.lisp...
  → Generated 43 definitions

[31/1503] Processing /home/acl2/books/arithmetic-3/bind-free/top.lisp...
  → Failed

[32/1503] Processing /home/acl2/books/arithmetic-3/extra/ext-compat.lisp...
  → Failed

[33/1503] Processing /home/acl2/books/arithmetic-3/extra/ext.lisp...
  → Failed

[34/1503] Processing /home/acl2/books/arithmetic-3/extra/top-ext.lisp...
  → Failed

[35/1503] Processing /home/acl2/books/arithmetic-3/floor-mod/floor-mod.lisp...
  → Generated 12 definitions

[36/1503] Processing /home/acl2/books/arithmetic-3/floor-mod/mod-expt-fast.lisp...
  → Generated 2 definitions

[37/1503] Processing /home/acl2/books/arithmetic-3/pass1/basic-arithmetic-helper.lisp...
  → Failed

[38/1503] Processing /home/acl2/books/arithmetic-3/pass1/basic-arithmetic.lisp...
  → Generated 1 definitions

[39/1503] Processing /home/acl2/books/arithmetic-3/pass1/expt-helper.lisp...
  → Failed

[40/1503] Processing /home/acl2/books/arithmetic-3/pass1/expt.lisp...
  → Failed

[41/1503] Processing /home/acl2/books/arithmetic-3/pass1/inequalities.lisp...
  → Failed

[42/1503] Processing /home/acl2/books/arithmetic-3/pass1/mini-theories.lisp...
  → Failed

[43/1503] Processing /home/acl2/books/arithmetic-3/pass1/non-linear.lisp...
  → Failed

[44/1503] Processing /home/acl2/books/arithmetic-3/pass1/num-and-denom-helper.lisp...
  → Generated 2 definitions

[45/1503] Processing /home/acl2/books/arithmetic-3/pass1/numerator-and-denominator.lisp...
  → Failed

[46/1503] Processing /home/acl2/books/arithmetic-3/pass1/prefer-times.lisp...
  → Failed

[47/1503] Processing /home/acl2/books/arithmetic-3/pass1/top.lisp...
  → Failed

[48/1503] Processing /home/acl2/books/arithmetic-3/top.lisp...
  → Failed

[49/1503] Processing /home/acl2/books/arithmetic-5/lib/basic-ops/arithmetic-theory.lisp...
  → Generated 5 definitions

[50/1503] Processing /home/acl2/books/arithmetic-5/lib/basic-ops/banner.lisp...
  → Failed

[51/1503] Processing /home/acl2/books/arithmetic-5/lib/basic-ops/basic.lisp...
  → Failed

[52/1503] Processing /home/acl2/books/arithmetic-5/lib/basic-ops/building-blocks-helper.lisp...
  → Generated 2 definitions

[53/1503] Processing /home/acl2/books/arithmetic-5/lib/basic-ops/building-blocks.lisp...
  → Generated 63 definitions

[54/1503] Processing /home/acl2/books/arithmetic-5/lib/basic-ops/collect.lisp...
  → Generated 4 definitions

[55/1503] Processing /home/acl2/books/arithmetic-5/lib/basic-ops/common.lisp...
  → Generated 49 definitions

[56/1503] Processing /home/acl2/books/arithmetic-5/lib/basic-ops/default-hint.lisp...
  → Generated 6 definitions

[57/1503] Processing /home/acl2/books/arithmetic-5/lib/basic-ops/distributivity.lisp...
  → Failed

[58/1503] Processing /home/acl2/books/arithmetic-5/lib/basic-ops/dynamic-e-d.lisp...
  → Generated 2 definitions

[59/1503] Processing /home/acl2/books/arithmetic-5/lib/basic-ops/elim-hint.lisp...
  → Generated 14 definitions

[60/1503] Processing /home/acl2/books/arithmetic-5/lib/basic-ops/expt-helper.lisp...
  → Failed

[61/1503] Processing /home/acl2/books/arithmetic-5/lib/basic-ops/expt.lisp...
  → Generated 9 definitions

[62/1503] Processing /home/acl2/books/arithmetic-5/lib/basic-ops/forcing-types.lisp...
  → Failed

[63/1503] Processing /home/acl2/books/arithmetic-5/lib/basic-ops/if-normalization.lisp...
  → Failed

[64/1503] Processing /home/acl2/books/arithmetic-5/lib/basic-ops/integerp-helper.lisp...
  → Failed

[65/1503] Processing /home/acl2/books/arithmetic-5/lib/basic-ops/integerp-meta.lisp...
  → Generated 15 definitions

[66/1503] Processing /home/acl2/books/arithmetic-5/lib/basic-ops/integerp.lisp...
  → Generated 4 definitions

[67/1503] Processing /home/acl2/books/arithmetic-5/lib/basic-ops/mini-theories.lisp...
  → Generated 1 definitions

[68/1503] Processing /home/acl2/books/arithmetic-5/lib/basic-ops/natp-posp.lisp...
  → Failed

[69/1503] Processing /home/acl2/books/arithmetic-5/lib/basic-ops/normalize.lisp...
  → Generated 12 definitions

[70/1503] Processing /home/acl2/books/arithmetic-5/lib/basic-ops/numerator-and-denominator.lisp...
  → Failed

[71/1503] Processing /home/acl2/books/arithmetic-5/lib/basic-ops/remove-weak-inequalities.lisp...
  → Generated 2 definitions

[72/1503] Processing /home/acl2/books/arithmetic-5/lib/basic-ops/simple-equalities-and-inequalities-helper.lisp...
  → Failed

[73/1503] Processing /home/acl2/books/arithmetic-5/lib/basic-ops/simple-equalities-and-inequalities.lisp...
  → Generated 7 definitions

[74/1503] Processing /home/acl2/books/arithmetic-5/lib/basic-ops/simplify-helper.lisp...
  → Failed

[75/1503] Processing /home/acl2/books/arithmetic-5/lib/basic-ops/simplify.lisp...
  → Generated 16 definitions

[76/1503] Processing /home/acl2/books/arithmetic-5/lib/basic-ops/top.lisp...
  → Failed

[77/1503] Processing /home/acl2/books/arithmetic-5/lib/basic-ops/types-helper.lisp...
  → Failed

[78/1503] Processing /home/acl2/books/arithmetic-5/lib/basic-ops/types.lisp...
  → Failed

[79/1503] Processing /home/acl2/books/arithmetic-5/lib/basic-ops/we-are-here.lisp...
  → Generated 1 definitions

[80/1503] Processing /home/acl2/books/arithmetic-5/lib/floor-mod/floor-mod-basic-helper.lisp...
  → Failed

[81/1503] Processing /home/acl2/books/arithmetic-5/lib/floor-mod/floor-mod-basic.lisp...
  → Failed

[82/1503] Processing /home/acl2/books/arithmetic-5/lib/floor-mod/floor-mod-helper.lisp...
  → Failed

[83/1503] Processing /home/acl2/books/arithmetic-5/lib/floor-mod/floor-mod.lisp...
  → Generated 18 definitions

[84/1503] Processing /home/acl2/books/arithmetic-5/lib/floor-mod/forcing-types.lisp...
  → Failed

[85/1503] Processing /home/acl2/books/arithmetic-5/lib/floor-mod/if-normalization.lisp...
  → Failed

[86/1503] Processing /home/acl2/books/arithmetic-5/lib/floor-mod/logand-helper.lisp...
  → Failed

[87/1503] Processing /home/acl2/books/arithmetic-5/lib/floor-mod/logand.lisp...
  → Generated 1 definitions

[88/1503] Processing /home/acl2/books/arithmetic-5/lib/floor-mod/mod-expt-fast.lisp...
  → Generated 2 definitions

[89/1503] Processing /home/acl2/books/arithmetic-5/lib/floor-mod/more-floor-mod.lisp...
Warning - Error processing DEFUN UGLY-UNHIDE-HACK - Error processing /home/acl2/books/arithmetic-5/lib/floor-mod/more-floor-mod.lisp: The
                                                                                                                                      slot
                                                                                                                                      SB-KERNEL::DATUM
                                                                                                                                      is
                                                                                                                                      unbound
                                                                                                                                      in
                                                                                                                                      the
                                                                                                                                      object
Error during printing.
The slot SB-KERNEL::DATUM is unbound in an instance of COMMON-LISP:TYPE-ERROR.
  → Failed

[90/1503] Processing /home/acl2/books/arithmetic-5/lib/floor-mod/top.lisp...
  → Failed

[91/1503] Processing /home/acl2/books/arithmetic-5/lib/floor-mod/truncate-rem.lisp...
  → Failed

[92/1503] Processing /home/acl2/books/arithmetic-5/support/basic-arithmetic-helper.lisp...
  → Failed

[93/1503] Processing /home/acl2/books/arithmetic-5/support/basic-arithmetic.lisp...
  → Generated 1 definitions

[94/1503] Processing /home/acl2/books/arithmetic-5/support/expt-helper.lisp...
  → Failed

[95/1503] Processing /home/acl2/books/arithmetic-5/support/expt.lisp...
  → Failed

[96/1503] Processing /home/acl2/books/arithmetic-5/support/inequalities.lisp...
  → Failed

[97/1503] Processing /home/acl2/books/arithmetic-5/support/mini-theories.lisp...
  → Failed

[98/1503] Processing /home/acl2/books/arithmetic-5/support/non-linear.lisp...
  → Failed

[99/1503] Processing /home/acl2/books/arithmetic-5/support/num-and-denom-helper.lisp...
  → Generated 2 definitions

[100/1503] Processing /home/acl2/books/arithmetic-5/support/numerator-and-denominator.lisp...
  → Failed

[101/1503] Processing /home/acl2/books/arithmetic-5/support/prefer-times.lisp...
  → Failed

[102/1503] Processing /home/acl2/books/arithmetic-5/support/top.lisp...
  → Failed

[103/1503] Processing /home/acl2/books/arithmetic-5/top.lisp...
  → Failed

[104/1503] Processing /home/acl2/books/arithmetic/abs.lisp...
  → Failed

[105/1503] Processing /home/acl2/books/arithmetic/binomial.lisp...
  → Generated 8 definitions

[106/1503] Processing /home/acl2/books/arithmetic/equalities.lisp...
Error reading /home/acl2/books/arithmetic/equalities.lisp: Package ACL2-ASG does not exist.

                                                             Stream: #<SB-SYS:FD-STREAM for "file /home/acl2/books/arithmetic/equalities.lisp" {101D7229B3}>
  → Failed

[107/1503] Processing /home/acl2/books/arithmetic/factorial.lisp...
  → Generated 1 definitions

[108/1503] Processing /home/acl2/books/arithmetic/idiv.lisp...
  → Failed

[109/1503] Processing /home/acl2/books/arithmetic/inequalities.lisp...
  → Failed

[110/1503] Processing /home/acl2/books/arithmetic/mod-gcd.lisp...
  → Generated 2 definitions

[111/1503] Processing /home/acl2/books/arithmetic/nat-listp.lisp...
  → Failed

[112/1503] Processing /home/acl2/books/arithmetic/natp-posp.lisp...
  → Failed

[113/1503] Processing /home/acl2/books/arithmetic/rational-listp.lisp...
  → Failed

[114/1503] Processing /home/acl2/books/arithmetic/rationals.lisp...
  → Failed

[115/1503] Processing /home/acl2/books/arithmetic/real-listp.lisp...
  → Failed

[116/1503] Processing /home/acl2/books/arithmetic/realp.lisp...
  → Failed

[117/1503] Processing /home/acl2/books/arithmetic/sumlist.lisp...
  → Generated 1 definitions

[118/1503] Processing /home/acl2/books/arithmetic/top-with-meta.lisp...
  → Failed

[119/1503] Processing /home/acl2/books/arithmetic/top.lisp...
  → Failed

[120/1503] Processing /home/acl2/books/build/portcullis.lisp...
  → Failed

[121/1503] Processing /home/acl2/books/centaur/bitops/equal-by-logbitp.lisp...
Error reading /home/acl2/books/centaur/bitops/equal-by-logbitp.lisp: Package STD does not exist.

                                                                       Stream: #<SB-SYS:FD-STREAM for "file /home/acl2/books/centaur/bitops/equal-by-logbitp.lisp" {101D77A923}>
  → Failed

[122/1503] Processing /home/acl2/books/centaur/bitops/fast-logext.lisp...
Error reading /home/acl2/books/centaur/bitops/fast-logext.lisp: no dispatch function defined for #\u

                                                                  Stream: #<SB-SYS:FD-STREAM for "file /home/acl2/books/centaur/bitops/fast-logext.lisp" {101D7852F3}>
  → Failed

[123/1503] Processing /home/acl2/books/centaur/bitops/floor-mod.lisp...
  → Generated 4 definitions

[124/1503] Processing /home/acl2/books/centaur/bitops/ihs-extensions.lisp...
  → Failed

[125/1503] Processing /home/acl2/books/centaur/bitops/ihsext-basics.lisp...
Error reading /home/acl2/books/centaur/bitops/ihsext-basics.lisp: no dispatch function defined for #\!

                                                                    Stream: #<SB-SYS:FD-STREAM for "file /home/acl2/books/centaur/bitops/ihsext-basics.lisp" {101D7B5F43}>
  → Failed

[126/1503] Processing /home/acl2/books/centaur/bitops/integer-length.lisp...
  → Failed

[127/1503] Processing /home/acl2/books/centaur/bitops/logbitp-mismatch.lisp...
  → Failed

[128/1503] Processing /home/acl2/books/centaur/bitops/portcullis.lisp...
  → Failed

[129/1503] Processing /home/acl2/books/centaur/bitops/signed-byte-p.lisp...
Error reading /home/acl2/books/centaur/bitops/signed-byte-p.lisp: Package XDOC does not exist.

                                                                    Stream: #<SB-SYS:FD-STREAM for "file /home/acl2/books/centaur/bitops/signed-byte-p.lisp" {101D7BF2B3}>
  → Failed

[130/1503] Processing /home/acl2/books/centaur/bridge/portcullis.lisp...
  → Failed

[131/1503] Processing /home/acl2/books/centaur/fty/baselists.lisp...
Error reading /home/acl2/books/centaur/fty/baselists.lisp: Package FTY does not exist.

                                                             Stream: #<SB-SYS:FD-STREAM for "file /home/acl2/books/centaur/fty/baselists.lisp" {101D7D4133}>
  → Failed

[132/1503] Processing /home/acl2/books/centaur/fty/basetypes.lisp...
Error reading /home/acl2/books/centaur/fty/basetypes.lisp: Package FTY does not exist.

                                                             Stream: #<SB-SYS:FD-STREAM for "file /home/acl2/books/centaur/fty/basetypes.lisp" {101D7D71D3}>
  → Failed

[133/1503] Processing /home/acl2/books/centaur/fty/database.lisp...
  → Generated 18 definitions

[134/1503] Processing /home/acl2/books/centaur/fty/deftypes.lisp...
Error reading /home/acl2/books/centaur/fty/deftypes.lisp: Package STD does not exist.

                                                            Stream: #<SB-SYS:FD-STREAM for "file /home/acl2/books/centaur/fty/deftypes.lisp" {101D824993}>
  → Failed

[135/1503] Processing /home/acl2/books/centaur/fty/docgen.lisp...
Error reading /home/acl2/books/centaur/fty/docgen.lisp: Package XDOC does not exist.

                                                          Stream: #<SB-SYS:FD-STREAM for "file /home/acl2/books/centaur/fty/docgen.lisp" {101D827D73}>
  → Failed

[136/1503] Processing /home/acl2/books/centaur/fty/fixequiv.lisp...
Error reading /home/acl2/books/centaur/fty/fixequiv.lisp: Package STD does not exist.

                                                            Stream: #<SB-SYS:FD-STREAM for "file /home/acl2/books/centaur/fty/fixequiv.lisp" {101D82AE33}>
  → Failed

[137/1503] Processing /home/acl2/books/centaur/fty/fixtype.lisp...
Warning - Error processing DEFUN DEFFIXTYPE-FN - The value
                                                   ,(AND
                                                     (NOT
                                                      NO-REWRITE-QUOTED-CONSTANT)
                                                     '(:REWRITE-QUOTED-CONSTANT))

                                                 is not of type
                                                   SEQUENCE
  → Generated 8 definitions

[138/1503] Processing /home/acl2/books/centaur/fty/fty-alist.lisp...
Error reading /home/acl2/books/centaur/fty/fty-alist.lisp: Package STD does not exist.

                                                             Stream: #<SB-SYS:FD-STREAM for "file /home/acl2/books/centaur/fty/fty-alist.lisp" {101D8701D3}>
  → Failed

[139/1503] Processing /home/acl2/books/centaur/fty/fty-list.lisp...
Error reading /home/acl2/books/centaur/fty/fty-list.lisp: Package STD does not exist.

                                                            Stream: #<SB-SYS:FD-STREAM for "file /home/acl2/books/centaur/fty/fty-list.lisp" {101D8732E3}>
  → Failed

[140/1503] Processing /home/acl2/books/centaur/fty/fty-parseutils.lisp...
  → Generated 1 definitions

[141/1503] Processing /home/acl2/books/centaur/fty/fty-sugar.lisp...
Error reading /home/acl2/books/centaur/fty/fty-sugar.lisp: Package STD does not exist.

                                                             Stream: #<SB-SYS:FD-STREAM for "file /home/acl2/books/centaur/fty/fty-sugar.lisp" {101D87BF63}>
  → Failed

[142/1503] Processing /home/acl2/books/centaur/fty/fty-sum-casemacro.lisp...
Warning - Error processing DEFUN KIND-CASEMACRO-FN - The value
                                                       :OTHERWISE
                                                     is not of type
                                                       SEQUENCE
Warning - Error processing DEFUN COND-CASEMACRO-LIST-CONDITIONS - The value
                                                                    ,(COND-CASEMACRO-LIST-CONDITIONS
                                                                      KWDS
                                                                      (CDR
                                                                       KINDS))

                                                                  is not of
                                                                  type
                                                                    LIST
Warning - Error processing DEFUN COND-CASEMACRO-FN - The value
                                                       :OTHERWISE
                                                     is not of type
                                                       SEQUENCE
  → Generated 10 definitions

[143/1503] Processing /home/acl2/books/centaur/fty/fty-sum.lisp...
Error reading /home/acl2/books/centaur/fty/fty-sum.lisp: Package STD does not exist.

                                                           Stream: #<SB-SYS:FD-STREAM for "file /home/acl2/books/centaur/fty/fty-sum.lisp" {101D8E49F3}>
  → Failed

[144/1503] Processing /home/acl2/books/centaur/fty/fty-transsum.lisp...
Error reading /home/acl2/books/centaur/fty/fty-transsum.lisp: Package STD does not exist.

                                                                Stream: #<SB-SYS:FD-STREAM for "file /home/acl2/books/centaur/fty/fty-transsum.lisp" {101D8EB243}>
  → Failed

[145/1503] Processing /home/acl2/books/centaur/fty/multicase.lisp...
Error reading /home/acl2/books/centaur/fty/multicase.lisp: Package STD does not exist.

                                                             Stream: #<SB-SYS:FD-STREAM for "file /home/acl2/books/centaur/fty/multicase.lisp" {101D8EF133}>
  → Failed

[146/1503] Processing /home/acl2/books/centaur/fty/portcullis.lisp...
  → Failed

[147/1503] Processing /home/acl2/books/centaur/fty/top.lisp...
  → Failed

[148/1503] Processing /home/acl2/books/centaur/fty/visitor.lisp...
Error reading /home/acl2/books/centaur/fty/visitor.lisp: Package STD does not exist.

                                                           Stream: #<SB-SYS:FD-STREAM for "file /home/acl2/books/centaur/fty/visitor.lisp" {101D9FAD83}>
  → Failed

[149/1503] Processing /home/acl2/books/centaur/getopt/portcullis.lisp...
  → Failed

[150/1503] Processing /home/acl2/books/centaur/misc/equal-sets.lisp...
  → Failed

[151/1503] Processing /home/acl2/books/centaur/misc/evaluator-metatheorems.lisp...
Warning - Error processing DEFUN DEF-EVALUATOR-EXPANDER-FN - The value
                                                               ,METAFN
                                                             is not of type
                                                               SEQUENCE
  → Generated 4 definitions

[152/1503] Processing /home/acl2/books/centaur/misc/memory-mgmt-logic.lisp...
  → Generated 6 definitions

[153/1503] Processing /home/acl2/books/centaur/misc/memory-mgmt.lisp...
  → Failed

[154/1503] Processing /home/acl2/books/centaur/misc/prev-stobj-binding.lisp...
  → Generated 3 definitions

[155/1503] Processing /home/acl2/books/centaur/misc/universal-equiv.lisp...
Error reading /home/acl2/books/centaur/misc/universal-equiv.lisp: Package XDOC does not exist.

                                                                    Stream: #<SB-SYS:FD-STREAM for "file /home/acl2/books/centaur/misc/universal-equiv.lisp" {101DA9D403}>
  → Failed

[156/1503] Processing /home/acl2/books/centaur/misc/witness-cp.lisp...
  → Failed

[157/1503] Processing /home/acl2/books/centaur/nrev/fast.lisp...
  → Failed

[158/1503] Processing /home/acl2/books/centaur/nrev/portcullis.lisp...
  → Failed

[159/1503] Processing /home/acl2/books/centaur/nrev/pure.lisp...
  → Failed

[160/1503] Processing /home/acl2/books/centaur/satlink/portcullis.lisp...
  → Failed

[161/1503] Processing /home/acl2/books/clause-processors/equality.lisp...
Error reading /home/acl2/books/clause-processors/equality.lisp: Package FLAG does not exist.

                                                                  Stream: #<SB-SYS:FD-STREAM for "file /home/acl2/books/clause-processors/equality.lisp" {101DACE793}>
  → Failed

[162/1503] Processing /home/acl2/books/clause-processors/ev-find-rules.lisp...
  → Generated 12 definitions

[163/1503] Processing /home/acl2/books/clause-processors/ev-theoremp.lisp...
  → Failed

[164/1503] Processing /home/acl2/books/clause-processors/generalize.lisp...
  → Failed

[165/1503] Processing /home/acl2/books/clause-processors/join-thms.lisp...
  → Generated 2 definitions

[166/1503] Processing /home/acl2/books/clause-processors/magic-ev.lisp...
  → Failed

[167/1503] Processing /home/acl2/books/clause-processors/meta-extract-user.lisp...
Error reading /home/acl2/books/clause-processors/meta-extract-user.lisp: Package FLAG does not exist.

                                                                           Stream: #<SB-SYS:FD-STREAM for "file /home/acl2/books/clause-processors/meta-extract-user.lisp" {101DB85083}>
  → Failed

[168/1503] Processing /home/acl2/books/clause-processors/remove-hyp.lisp...
  → Generated 2 definitions

[169/1503] Processing /home/acl2/books/clause-processors/term-vars.lisp...
  → Failed

[170/1503] Processing /home/acl2/books/clause-processors/unify-subst.lisp...
Warning - Error processing DEFUN DEF-UNIFY-FN - The value
                                                  ,EV-LST
                                                is not of type
                                                  SEQUENCE
  → Generated 9 definitions

[171/1503] Processing /home/acl2/books/clause-processors/use-by-hint.lisp...
  → Generated 4 definitions

[172/1503] Processing /home/acl2/books/clause-processors/witness-cp.lisp...
Error reading /home/acl2/books/clause-processors/witness-cp.lisp: Package STD does not exist.

                                                                    Stream: #<SB-SYS:FD-STREAM for "file /home/acl2/books/clause-processors/witness-cp.lisp" {101DBF8933}>
  → Failed

[173/1503] Processing /home/acl2/books/coi/symbol-fns/portcullis.lisp...
  → Failed

[174/1503] Processing /home/acl2/books/cowles/acl2-agp.lisp...
Error reading /home/acl2/books/cowles/acl2-agp.lisp: Package ACL2-ASG does not exist.

                                                       Stream: #<SB-SYS:FD-STREAM for "file /home/acl2/books/cowles/acl2-agp.lisp" {101DC2BF03}>
  → Failed

[175/1503] Processing /home/acl2/books/cowles/acl2-asg.lisp...
  → Failed

[176/1503] Processing /home/acl2/books/cowles/acl2-crg.lisp...
Error reading /home/acl2/books/cowles/acl2-crg.lisp: Package ACL2-AGP does not exist.

                                                       Stream: #<SB-SYS:FD-STREAM for "file /home/acl2/books/cowles/acl2-crg.lisp" {101DC3EC43}>
  → Failed

[177/1503] Processing /home/acl2/books/cowles/portcullis.lisp...
  → Failed

[178/1503] Processing /home/acl2/books/data-structures/alist-defthms.lisp...
  → Failed

[179/1503] Processing /home/acl2/books/data-structures/alist-defuns.lisp...
Warning - Error processing DEFUN BIND - The value
                                          223338299434
                                        is not of type
                                          SEQUENCE
Warning - Error processing DEFUN BIND-EQ - The value
                                             223338299434
                                           is not of type
                                             SEQUENCE
Warning - Error processing DEFUN BIND-EQUAL - The value
                                                223338299434
                                              is not of type
                                                SEQUENCE
Warning - Error processing DEFUN BIND-ALL - The value
                                              223338299434
                                            is not of type
                                              SEQUENCE
Warning - Error processing DEFUN BIND-ALL-EQ - The value
                                                 223338299434
                                               is not of type
                                                 SEQUENCE
Warning - Error processing DEFUN BIND-ALL-EQUAL - The value
                                                    223338299434
                                                  is not of type
                                                    SEQUENCE
Warning - Error processing DEFUN BINDING - The value
                                             223338299434
                                           is not of type
                                             SEQUENCE
Warning - Error processing DEFUN BINDING-EQ - The value
                                                223338299434
                                              is not of type
                                                SEQUENCE
Warning - Error processing DEFUN BINDING-EQUAL - The value
                                                   223338299434
                                                 is not of type
                                                   SEQUENCE
Warning - Error processing DEFUN BOUND? - The value
                                            223338299434
                                          is not of type
                                            SEQUENCE
Warning - Error processing DEFUN BOUND?-EQ - The value
                                               223338299434
                                             is not of type
                                               SEQUENCE
Warning - Error processing DEFUN BOUND?-EQUAL - The value
                                                  223338299434
                                                is not of type
                                                  SEQUENCE
Warning - Error processing DEFUN ALL-BOUND? - The value
CORRUPTION WARNING in SBCL pid 25007 tid 25007:
Memory fault at 0x7200000036 (pc=0x10007a8984)
The integrity of this image is possibly compromised.
Continuing with fingers crossed.
Error processing /home/acl2/books/data-structures/alist-defuns.lisp: Unhandled memory fault at #x7200000036.
  → Failed

[180/1503] Processing /home/acl2/books/data-structures/alist-theory.lisp...
  → Failed

[181/1503] Processing /home/acl2/books/data-structures/array1.lisp...
  → Failed

[182/1503] Processing /home/acl2/books/data-structures/defalist.lisp...
Error reading /home/acl2/books/data-structures/defalist.lisp: Package U does not exist.

                                                                Stream: #<SB-SYS:FD-STREAM for "file /home/acl2/books/data-structures/defalist.lisp" {101DC8AD53}>
  → Failed

[183/1503] Processing /home/acl2/books/data-structures/deflist.lisp...
Error reading /home/acl2/books/data-structures/deflist.lisp: Package U does not exist.

                                                               Stream: #<SB-SYS:FD-STREAM for "file /home/acl2/books/data-structures/deflist.lisp" {101DC8DE13}>
  → Failed

[184/1503] Processing /home/acl2/books/data-structures/list-defthms.lisp...
  → Generated 3 definitions

[185/1503] Processing /home/acl2/books/data-structures/list-defuns.lisp...
Warning - Error processing DEFUN FIRSTN - The value
                                            223338299434
                                          is not of type
                                            SEQUENCE
Warning - Error processing DEFUN INITIAL-SUBLISTP - The value
                                                      #<unknown immediate object, lowtag=#b1001, widetag=#x49 {7300000049}>

                                                    is not of type
                                                      SEQUENCE
Warning - Error processing DEFUN INITIAL-SUBLISTP-EQ - The value
                                                         #<unknown immediate object, lowtag=#b1001, widetag=#x49 {7300000049}>

                                                       is not of type
                                                         SEQUENCE
Warning - Error processing DEFUN INITIAL-SUBLISTP-EQUAL - The value
                                                            #<unknown immediate object, lowtag=#b1001, widetag=#x49 {7300000049}> 

                                                          is not of type
                                                            SEQUENCE
Warning - Error processing DEFUN NTH-SEG - The value
                                             223338299434
                                           is not of type
                                             SEQUENCE
Warning - Error processing DEFUN PUT-NTH - The value
                                             223338299434
                                           is not of type
                                             SEQUENCE
Warning - Error processing DEFUN PUT-SEG - The value
                                             223338299434
                                           is not of type
                                             SEQUENCE
  → Generated 9 definitions

[186/1503] Processing /home/acl2/books/data-structures/list-theory.lisp...
  → Failed

[187/1503] Processing /home/acl2/books/data-structures/no-duplicates.lisp...
  → Failed

[188/1503] Processing /home/acl2/books/data-structures/number-list-defthms.lisp...
  → Failed

[189/1503] Processing /home/acl2/books/data-structures/number-list-defuns.lisp...
Warning - Error processing DEFUN NATURAL-LISTP - The value
                                                   216895848489
                                                 is not of type
                                                   SEQUENCE
Warning - Error processing DEFUN MAXLIST - The value
                                             223338299434
                                           is not of type
                                             SEQUENCE
Warning - Error processing DEFUN MINLIST - The value
                                             223338299434
                                           is not of type
                                             SEQUENCE
Warning - Error processing DEFUN SUM - The value
                                         223338299434
                                       is not of type
                                         SEQUENCE
Warning - Error processing DEFUN EXCESS-NATURAL - The value
                                                    223338299434
                                                  is not of type
                                                    SEQUENCE
Warning - Error processing DEFUN NUMERICALLY-SORTED - The value
                                                        216895848489
                                                      is not of type
                                                        SEQUENCE
Warning - Error processing DEFUN NUMERIC-INSERT - The value
                                                    #<unknown immediate object, lowtag=#b1001, widetag=#x49 {6E00000049}>

                                                  is not of type
                                                    SEQUENCE
CORRUPTION WARNING in SBCL pid 25007 tid 25007:
Memory fault at 0x6f00000058 (pc=0x100005a274)
The integrity of this image is possibly compromised.
Continuing with fingers crossed.
Warning - Error processing DEFUN NUMERIC-SORT - Unhandled memory fault at #x6F00000058.
  → Failed

[190/1503] Processing /home/acl2/books/data-structures/number-list-theory.lisp...
  → Failed

[191/1503] Processing /home/acl2/books/data-structures/portcullis.lisp...
  → Failed

[192/1503] Processing /home/acl2/books/data-structures/set-defthms.lisp...
  → Failed

[193/1503] Processing /home/acl2/books/data-structures/set-defuns.lisp...
  → Generated 4 definitions

[194/1503] Processing /home/acl2/books/data-structures/set-theory.lisp...
  → Failed

[195/1503] Processing /home/acl2/books/data-structures/structures.lisp...
Warning - Error processing DEFUN NCARS - The value
                                           223338299434
                                         is not of type
                                           SEQUENCE
Warning - Error processing DEFUN FOLD - The value
                                          238370684963
                                        is not of type
                                          SEQUENCE
Warning - Error processing DEFUN FLATTEN - The value
CORRUPTION WARNING in SBCL pid 25007 tid 25007:
Memory fault at 0x6e00000036 (pc=0x10007a8984)
The integrity of this image is possibly compromised.
Continuing with fingers crossed.
Error processing /home/acl2/books/data-structures/structures.lisp: Unhandled memory fault at #x6E00000036.
  → Failed

[196/1503] Processing /home/acl2/books/data-structures/top.lisp...
  → Failed

[197/1503] Processing /home/acl2/books/data-structures/utilities.lisp...
Warning - Error processing DEFUN STRING-DESIGNATOR-P - The value
                                                         223338299434
                                                       is not of type
                                                         SEQUENCE
CORRUPTION WARNING in SBCL pid 25007 tid 25007:
Memory fault at 0x6f00000048 (pc=0x100005a274)
The integrity of this image is possibly compromised.
Continuing with fingers crossed.
Warning - Error processing DEFUN REASON-FOR-NOT-KEYWORD-OPTION-LISTP - Unhandled memory fault at #x6F00000048.
  → Generated 8 definitions

[198/1503] Processing /home/acl2/books/defsort/defsort.lisp...
Error reading /home/acl2/books/defsort/defsort.lisp: Package STD does not exist.

                                                       Stream: #<SB-SYS:FD-STREAM for "file /home/acl2/books/defsort/defsort.lisp" {101DDC4183}>
  → Failed

[199/1503] Processing /home/acl2/books/defsort/duplicated-members.lisp...
  → Failed

[200/1503] Processing /home/acl2/books/defsort/generic.lisp...
  → Failed

[201/1503] Processing /home/acl2/books/defsort/uniquep.lisp...
  → Failed

[202/1503] Processing /home/acl2/books/ihs/@logops.lisp...
Error reading /home/acl2/books/ihs/@logops.lisp: Package XDOC does not exist.

                                                   Stream: #<SB-SYS:FD-STREAM for "file /home/acl2/books/ihs/@logops.lisp" {101DDF0573}>
  → Failed

[203/1503] Processing /home/acl2/books/ihs/basic-definitions.lisp...
Error reading /home/acl2/books/ihs/basic-definitions.lisp: Package XDOC does not exist.

                                                             Stream: #<SB-SYS:FD-STREAM for "file /home/acl2/books/ihs/basic-definitions.lisp" {101DDF5103}>
  → Failed

[204/1503] Processing /home/acl2/books/ihs/ihs-definitions.lisp...
  → Failed

[205/1503] Processing /home/acl2/books/ihs/ihs-doc-topic.lisp...
  → Failed

[206/1503] Processing /home/acl2/books/ihs/ihs-init.lisp...
Error reading /home/acl2/books/ihs/ihs-init.lisp: Package U does not exist.

                                                    Stream: #<SB-SYS:FD-STREAM for "file /home/acl2/books/ihs/ihs-init.lisp" {101DE132D3}>
  → Failed

[207/1503] Processing /home/acl2/books/ihs/ihs-lemmas.lisp...
  → Failed

[208/1503] Processing /home/acl2/books/ihs/ihs-theories.lisp...
  → Failed

[209/1503] Processing /home/acl2/books/ihs/logops-definitions.lisp...
  → Generated 12 definitions

[210/1503] Processing /home/acl2/books/ihs/logops-lemmas.lisp...
  → Failed

[211/1503] Processing /home/acl2/books/ihs/math-lemmas.lisp...
Error reading /home/acl2/books/ihs/math-lemmas.lisp: Package XDOC does not exist.

                                                       Stream: #<SB-SYS:FD-STREAM for "file /home/acl2/books/ihs/math-lemmas.lisp" {101DEF41A3}>
  → Failed

[212/1503] Processing /home/acl2/books/ihs/quotient-remainder-lemmas.lisp...
  → Failed

[213/1503] Processing /home/acl2/books/kestrel/acl2-arrays/alen1.lisp...
  → Failed

[214/1503] Processing /home/acl2/books/kestrel/acl2-arrays/aref1.lisp...
  → Failed

[215/1503] Processing /home/acl2/books/kestrel/acl2-arrays/array1p.lisp...
  → Failed

[216/1503] Processing /home/acl2/books/kestrel/acl2-arrays/aset1.lisp...
  → Failed

[217/1503] Processing /home/acl2/books/kestrel/acl2-arrays/bounded-integer-alistp.lisp...
  → Failed

[218/1503] Processing /home/acl2/books/kestrel/acl2-arrays/compress1.lisp...
  → Failed

[219/1503] Processing /home/acl2/books/kestrel/acl2-arrays/compress11.lisp...
  → Failed

[220/1503] Processing /home/acl2/books/kestrel/acl2-arrays/constants.lisp...
  → Failed

[221/1503] Processing /home/acl2/books/kestrel/acl2-arrays/default.lisp...
  → Failed

[222/1503] Processing /home/acl2/books/kestrel/acl2-arrays/dimensions.lisp...
  → Failed

[223/1503] Processing /home/acl2/books/kestrel/acl2-arrays/header.lisp...
  → Failed

[224/1503] Processing /home/acl2/books/kestrel/acl2-arrays/maximum-length.lisp...
  → Failed

[225/1503] Processing /home/acl2/books/kestrel/alists-light/acons.lisp...
  → Failed

[226/1503] Processing /home/acl2/books/kestrel/alists-light/alistp.lisp...
  → Failed

[227/1503] Processing /home/acl2/books/kestrel/alists-light/assoc-equal.lisp...
  → Failed

[228/1503] Processing /home/acl2/books/kestrel/alists-light/lookup-eq-def.lisp...
  → Failed

[229/1503] Processing /home/acl2/books/kestrel/alists-light/lookup-eq.lisp...
  → Failed

[230/1503] Processing /home/acl2/books/kestrel/alists-light/lookup-equal-def.lisp...
  → Failed

[231/1503] Processing /home/acl2/books/kestrel/alists-light/strip-cars.lisp...
  → Failed

[232/1503] Processing /home/acl2/books/kestrel/alists-light/symbol-alistp.lisp...
  → Failed

[233/1503] Processing /home/acl2/books/kestrel/arithmetic-light/complex.lisp...
  → Failed

[234/1503] Processing /home/acl2/books/kestrel/arithmetic-light/denominator.lisp...
  → Failed

[235/1503] Processing /home/acl2/books/kestrel/arithmetic-light/divide.lisp...
  → Failed

[236/1503] Processing /home/acl2/books/kestrel/arithmetic-light/floor.lisp...
  → Generated 1 definitions

[237/1503] Processing /home/acl2/books/kestrel/arithmetic-light/imagpart.lisp...
  → Failed

[238/1503] Processing /home/acl2/books/kestrel/arithmetic-light/integerp.lisp...
  → Failed

[239/1503] Processing /home/acl2/books/kestrel/arithmetic-light/less-than.lisp...
  → Failed

[240/1503] Processing /home/acl2/books/kestrel/arithmetic-light/minus.lisp...
  → Failed

[241/1503] Processing /home/acl2/books/kestrel/arithmetic-light/mod.lisp...
  → Failed

[242/1503] Processing /home/acl2/books/kestrel/arithmetic-light/nonnegative-integer-quotient.lisp...
  → Failed

[243/1503] Processing /home/acl2/books/kestrel/arithmetic-light/numerator.lisp...
  → Failed

[244/1503] Processing /home/acl2/books/kestrel/arithmetic-light/plus-and-minus.lisp...
  → Failed

[245/1503] Processing /home/acl2/books/kestrel/arithmetic-light/plus.lisp...
  → Failed

[246/1503] Processing /home/acl2/books/kestrel/arithmetic-light/realpart.lisp...
  → Failed

[247/1503] Processing /home/acl2/books/kestrel/arithmetic-light/times-and-divide.lisp...
  → Failed

[248/1503] Processing /home/acl2/books/kestrel/arithmetic-light/times.lisp...
  → Failed

[249/1503] Processing /home/acl2/books/kestrel/built-ins/collect.lisp...
  → Generated 7 definitions

[250/1503] Processing /home/acl2/books/kestrel/built-ins/disable.lisp...
  → Failed

[251/1503] Processing /home/acl2/books/kestrel/bv-lists/unsigned-byte-listp-def.lisp...
  → Failed

[252/1503] Processing /home/acl2/books/kestrel/crypto/ecurve/portcullis.lisp...
  → Failed

[253/1503] Processing /home/acl2/books/kestrel/crypto/portcullis.lisp...
  → Failed

[254/1503] Processing /home/acl2/books/kestrel/crypto/primes/baby-jubjub-subgroup-prime.lisp...
  → Failed

[255/1503] Processing /home/acl2/books/kestrel/crypto/primes/bls12-381-prime.lisp...
  → Failed

[256/1503] Processing /home/acl2/books/kestrel/crypto/primes/bn-254-group-prime.lisp...
  → Failed

[257/1503] Processing /home/acl2/books/kestrel/crypto/primes/ed25519-base-prime.lisp...
Error reading /home/acl2/books/kestrel/crypto/primes/ed25519-base-prime.lisp: Package PRIMES does not exist.

                                                                                Stream: #<SB-SYS:FD-STREAM for "file /home/acl2/books/kestrel/crypto/primes/ed25519-base-prime.lisp" {101E0462E3}>
  → Failed

[258/1503] Processing /home/acl2/books/kestrel/crypto/primes/ed25519-group-prime.lisp...
Error reading /home/acl2/books/kestrel/crypto/primes/ed25519-group-prime.lisp: Package PRIMES does not exist.

                                                                                 Stream: #<SB-SYS:FD-STREAM for "file /home/acl2/books/kestrel/crypto/primes/ed25519-group-prime.lisp" {101E049773}>
  → Failed

[259/1503] Processing /home/acl2/books/kestrel/crypto/primes/goldilocks-field-prime.lisp...
  → Failed

[260/1503] Processing /home/acl2/books/kestrel/crypto/primes/jubjub-subgroup-prime.lisp...
  → Failed

[261/1503] Processing /home/acl2/books/kestrel/crypto/primes/nist-p-256-base-prime.lisp...
Error reading /home/acl2/books/kestrel/crypto/primes/nist-p-256-base-prime.lisp: Package PRIMES does not exist.

                                                                                   Stream: #<SB-SYS:FD-STREAM for "file /home/acl2/books/kestrel/crypto/primes/nist-p-256-base-prime.lisp" {101E050003}>
  → Failed

[262/1503] Processing /home/acl2/books/kestrel/crypto/primes/nist-p-256-group-prime.lisp...
Error reading /home/acl2/books/kestrel/crypto/primes/nist-p-256-group-prime.lisp: Package PRIMES does not exist.

                                                                                    Stream: #<SB-SYS:FD-STREAM for "file /home/acl2/books/kestrel/crypto/primes/nist-p-256-group-prime.lisp" {101E0534D3}>
  → Failed

[263/1503] Processing /home/acl2/books/kestrel/crypto/primes/secp256k1-field-prime.lisp...
  → Failed

[264/1503] Processing /home/acl2/books/kestrel/crypto/primes/secp256k1-group-prime.lisp...
  → Failed

[265/1503] Processing /home/acl2/books/kestrel/crypto/primes/top.lisp...
Error reading /home/acl2/books/kestrel/crypto/primes/top.lisp: Package DM does not exist.

                                                                 Stream: #<SB-SYS:FD-STREAM for "file /home/acl2/books/kestrel/crypto/primes/top.lisp" {101E059DE3}>
  → Failed

[266/1503] Processing /home/acl2/books/kestrel/error-checking/def-error-checker.lisp...
Error reading /home/acl2/books/kestrel/error-checking/def-error-checker.lisp: Package XDOC does not exist.

                                                                                Stream: #<SB-SYS:FD-STREAM for "file /home/acl2/books/kestrel/error-checking/def-error-checker.lisp" {101E05CFA3}>
  → Failed

[267/1503] Processing /home/acl2/books/kestrel/error-checking/ensure-function-is-guard-verified.lisp...
  → Failed

[268/1503] Processing /home/acl2/books/kestrel/error-checking/ensure-function-is-logic-mode.lisp...
  → Failed

[269/1503] Processing /home/acl2/books/kestrel/error-checking/ensure-list-has-no-duplicates.lisp...
  → Failed

[270/1503] Processing /home/acl2/books/kestrel/error-checking/ensure-symbol-is-fresh-event-name.lisp...
Error reading /home/acl2/books/kestrel/error-checking/ensure-symbol-is-fresh-event-name.lisp: Package XDOC does not exist.

                                                                                                Stream: #<SB-SYS:FD-STREAM for "file /home/acl2/books/kestrel/error-checking/ensure-symbol-is-fresh-event-name.lisp" {101E0754D3}>
  → Failed

[271/1503] Processing /home/acl2/books/kestrel/error-checking/ensure-value-is-boolean.lisp...
  → Failed

[272/1503] Processing /home/acl2/books/kestrel/error-checking/ensure-value-is-not-in-list.lisp...
  → Failed

[273/1503] Processing /home/acl2/books/kestrel/error-checking/ensure-value-is-symbol-list.lisp...
  → Failed

[274/1503] Processing /home/acl2/books/kestrel/error-checking/ensure-value-is-symbol.lisp...
  → Failed

[275/1503] Processing /home/acl2/books/kestrel/error-checking/ensure-value-is-untranslated-term.lisp...
Error reading /home/acl2/books/kestrel/error-checking/ensure-value-is-untranslated-term.lisp: Package XDOC does not exist.

                                                                                                Stream: #<SB-SYS:FD-STREAM for "file /home/acl2/books/kestrel/error-checking/ensure-value-is-untranslated-term.lisp" {101E07FB33}>
  → Failed

[276/1503] Processing /home/acl2/books/kestrel/event-macros/applicability-conditions.lisp...
Error reading /home/acl2/books/kestrel/event-macros/applicability-conditions.lisp: Package XDOC does not exist.

                                                                                     Stream: #<SB-SYS:FD-STREAM for "file /home/acl2/books/kestrel/event-macros/applicability-conditions.lisp" {101E083D83}>
  → Failed

[277/1503] Processing /home/acl2/books/kestrel/event-macros/cw-event.lisp...
Error reading /home/acl2/books/kestrel/event-macros/cw-event.lisp: Package XDOC does not exist.

                                                                     Stream: #<SB-SYS:FD-STREAM for "file /home/acl2/books/kestrel/event-macros/cw-event.lisp" {101E087413}>
  → Failed

[278/1503] Processing /home/acl2/books/kestrel/event-macros/evmac-input-hints-p.lisp...
Error reading /home/acl2/books/kestrel/event-macros/evmac-input-hints-p.lisp: Package XDOC does not exist.

                                                                                Stream: #<SB-SYS:FD-STREAM for "file /home/acl2/books/kestrel/event-macros/evmac-input-hints-p.lisp" {101E08A623}>
  → Failed

[279/1503] Processing /home/acl2/books/kestrel/event-macros/fail-event.lisp...
Error reading /home/acl2/books/kestrel/event-macros/fail-event.lisp: Package XDOC does not exist.

                                                                       Stream: #<SB-SYS:FD-STREAM for "file /home/acl2/books/kestrel/event-macros/fail-event.lisp" {101E08D833}>
  → Failed

[280/1503] Processing /home/acl2/books/kestrel/event-macros/input-processing.lisp...
Error reading /home/acl2/books/kestrel/event-macros/input-processing.lisp: Package XDOC does not exist.

                                                                             Stream: #<SB-SYS:FD-STREAM for "file /home/acl2/books/kestrel/event-macros/input-processing.lisp" {101E090BE3}>
  → Failed

[281/1503] Processing /home/acl2/books/kestrel/event-macros/make-event-terse.lisp...
Error reading /home/acl2/books/kestrel/event-macros/make-event-terse.lisp: Package XDOC does not exist.

                                                                             Stream: #<SB-SYS:FD-STREAM for "file /home/acl2/books/kestrel/event-macros/make-event-terse.lisp" {101E094223}>
  → Failed

[282/1503] Processing /home/acl2/books/kestrel/event-macros/proof-preparation.lisp...
Error reading /home/acl2/books/kestrel/event-macros/proof-preparation.lisp: Package XDOC does not exist.

                                                                              Stream: #<SB-SYS:FD-STREAM for "file /home/acl2/books/kestrel/event-macros/proof-preparation.lisp" {101E0974B3}>
  → Failed

[283/1503] Processing /home/acl2/books/kestrel/event-macros/restore-output.lisp...
Error reading /home/acl2/books/kestrel/event-macros/restore-output.lisp: Package XDOC does not exist.

                                                                           Stream: #<SB-SYS:FD-STREAM for "file /home/acl2/books/kestrel/event-macros/restore-output.lisp" {101E09A6A3}>
  → Failed

[284/1503] Processing /home/acl2/books/kestrel/event-macros/screen-printing.lisp...
Error reading /home/acl2/books/kestrel/event-macros/screen-printing.lisp: Package XDOC does not exist.

                                                                            Stream: #<SB-SYS:FD-STREAM for "file /home/acl2/books/kestrel/event-macros/screen-printing.lisp" {101E09DAA3}>
  → Failed

[285/1503] Processing /home/acl2/books/kestrel/event-macros/try-event.lisp...
Error reading /home/acl2/books/kestrel/event-macros/try-event.lisp: Package XDOC does not exist.

                                                                      Stream: #<SB-SYS:FD-STREAM for "file /home/acl2/books/kestrel/event-macros/try-event.lisp" {101E0A0C43}>
  → Failed

[286/1503] Processing /home/acl2/books/kestrel/event-macros/xdoc-constructors.lisp...
Error reading /home/acl2/books/kestrel/event-macros/xdoc-constructors.lisp: Package XDOC does not exist.

                                                                              Stream: #<SB-SYS:FD-STREAM for "file /home/acl2/books/kestrel/event-macros/xdoc-constructors.lisp" {101E0A4063}>
  → Failed

[287/1503] Processing /home/acl2/books/kestrel/file-io-light/channels.lisp...
  → Failed

[288/1503] Processing /home/acl2/books/kestrel/file-io-light/iprint-oracle-updates.lisp...
  → Failed

[289/1503] Processing /home/acl2/books/kestrel/file-io-light/read-object.lisp...
  → Failed

[290/1503] Processing /home/acl2/books/kestrel/file-io-light/typed-io-listp.lisp...
  → Failed

[291/1503] Processing /home/acl2/books/kestrel/fty/fty-omap.lisp...
Error reading /home/acl2/books/kestrel/fty/fty-omap.lisp: Package OMAP does not exist.

                                                            Stream: #<SB-SYS:FD-STREAM for "file /home/acl2/books/kestrel/fty/fty-omap.lisp" {101E0AD683}>
  → Failed

[292/1503] Processing /home/acl2/books/kestrel/fty/fty-set.lisp...
Error reading /home/acl2/books/kestrel/fty/fty-set.lisp: Package SET does not exist.

                                                           Stream: #<SB-SYS:FD-STREAM for "file /home/acl2/books/kestrel/fty/fty-set.lisp" {101E0C0953}>
  → Failed

[293/1503] Processing /home/acl2/books/kestrel/fty/map.lisp...
Error reading /home/acl2/books/kestrel/fty/map.lisp: Package FTY does not exist.

                                                       Stream: #<SB-SYS:FD-STREAM for "file /home/acl2/books/kestrel/fty/map.lisp" {101E0C3B33}>
  → Failed

[294/1503] Processing /home/acl2/books/kestrel/lists-light/append.lisp...
  → Failed

[295/1503] Processing /home/acl2/books/kestrel/lists-light/butlast.lisp...
  → Failed

[296/1503] Processing /home/acl2/books/kestrel/lists-light/cdr.lisp...
  → Failed

[297/1503] Processing /home/acl2/books/kestrel/lists-light/cons.lisp...
  → Failed

[298/1503] Processing /home/acl2/books/kestrel/lists-light/intersection-equal.lisp...
  → Failed

[299/1503] Processing /home/acl2/books/kestrel/lists-light/len.lisp...
  → Failed

[300/1503] Processing /home/acl2/books/kestrel/lists-light/member-equal.lisp...
  → Failed

[301/1503] Processing /home/acl2/books/kestrel/lists-light/no-duplicatesp-equal.lisp...
  → Failed

[302/1503] Processing /home/acl2/books/kestrel/lists-light/nth.lisp...
  → Failed

[303/1503] Processing /home/acl2/books/kestrel/lists-light/nthcdr.lisp...
  → Failed

[304/1503] Processing /home/acl2/books/kestrel/lists-light/remove1-equal.lisp...
  → Failed

[305/1503] Processing /home/acl2/books/kestrel/lists-light/revappend.lisp...
  → Failed

[306/1503] Processing /home/acl2/books/kestrel/lists-light/reverse-list.lisp...
  → Failed

[307/1503] Processing /home/acl2/books/kestrel/lists-light/take.lisp...
  → Failed

[308/1503] Processing /home/acl2/books/kestrel/lists-light/true-list-fix.lisp...
  → Failed

[309/1503] Processing /home/acl2/books/kestrel/number-theory/defprime.lisp...
Error reading /home/acl2/books/kestrel/number-theory/defprime.lisp: Package DM does not exist.

                                                                      Stream: #<SB-SYS:FD-STREAM for "file /home/acl2/books/kestrel/number-theory/defprime.lisp" {101E0FE533}>
  → Failed

[310/1503] Processing /home/acl2/books/kestrel/number-theory/portcullis.lisp...
  → Failed

[311/1503] Processing /home/acl2/books/kestrel/prime-fields/portcullis.lisp...
  → Failed

[312/1503] Processing /home/acl2/books/kestrel/strings-light/char.lisp...
  → Failed

[313/1503] Processing /home/acl2/books/kestrel/strings-light/downcase.lisp...
  → Failed

[314/1503] Processing /home/acl2/books/kestrel/typed-lists-light/all-digit-charsp.lisp...
  → Failed

[315/1503] Processing /home/acl2/books/kestrel/typed-lists-light/character-listp.lisp...
  → Failed

[316/1503] Processing /home/acl2/books/kestrel/typed-lists-light/make-character-list.lisp...
  → Failed

[317/1503] Processing /home/acl2/books/kestrel/utilities/acl2-count.lisp...
  → Failed

[318/1503] Processing /home/acl2/books/kestrel/utilities/assoc-keyword.lisp...
  → Failed

[319/1503] Processing /home/acl2/books/kestrel/utilities/chk-length-and-keys.lisp...
  → Failed

[320/1503] Processing /home/acl2/books/kestrel/utilities/coerce.lisp...
  → Failed

[321/1503] Processing /home/acl2/books/kestrel/utilities/defmacrodoc.lisp...
  → Generated 18 definitions

[322/1503] Processing /home/acl2/books/kestrel/utilities/defmacroq.lisp...
  → Generated 2 definitions

[323/1503] Processing /home/acl2/books/kestrel/utilities/defthmr.lisp...
  → Generated 1 definitions

[324/1503] Processing /home/acl2/books/kestrel/utilities/digit-to-char.lisp...
  → Failed

[325/1503] Processing /home/acl2/books/kestrel/utilities/enumerations.lisp...
Error reading /home/acl2/books/kestrel/utilities/enumerations.lisp: Package STD does not exist.

                                                                      Stream: #<SB-SYS:FD-STREAM for "file /home/acl2/books/kestrel/utilities/enumerations.lisp" {101E1B30E3}>
  → Failed

[326/1503] Processing /home/acl2/books/kestrel/utilities/equal-of-booleans.lisp...
  → Failed

[327/1503] Processing /home/acl2/books/kestrel/utilities/er-soft-plus.lisp...
  → Generated 1 definitions

[328/1503] Processing /home/acl2/books/kestrel/utilities/error-checking/top.lisp...
Error reading /home/acl2/books/kestrel/utilities/error-checking/top.lisp: Package XDOC does not exist.

                                                                            Stream: #<SB-SYS:FD-STREAM for "file /home/acl2/books/kestrel/utilities/error-checking/top.lisp" {101E1BDD23}>
  → Failed

[329/1503] Processing /home/acl2/books/kestrel/utilities/explode-atom.lisp...
  → Failed

[330/1503] Processing /home/acl2/books/kestrel/utilities/explode-nonnegative-integer.lisp...
  → Failed

[331/1503] Processing /home/acl2/books/kestrel/utilities/intern-in-package-of-symbol.lisp...
  → Failed

[332/1503] Processing /home/acl2/books/kestrel/utilities/keyword-value-listp.lisp...
  → Failed

[333/1503] Processing /home/acl2/books/kestrel/utilities/keyword-value-lists.lisp...
Error reading /home/acl2/books/kestrel/utilities/keyword-value-lists.lisp: Package XDOC does not exist.

                                                                             Stream: #<SB-SYS:FD-STREAM for "file /home/acl2/books/kestrel/utilities/keyword-value-lists.lisp" {101E1D8503}>
  → Failed

[334/1503] Processing /home/acl2/books/kestrel/utilities/keyword-value-lists2.lisp...
  → Generated 1 definitions

[335/1503] Processing /home/acl2/books/kestrel/utilities/lookup-keyword.lisp...
  → Generated 2 definitions

[336/1503] Processing /home/acl2/books/kestrel/utilities/macro-args.lisp...
  → Generated 3 definitions

[337/1503] Processing /home/acl2/books/kestrel/utilities/make-termination-theorem.lisp...
  → Generated 3 definitions

[338/1503] Processing /home/acl2/books/kestrel/utilities/map-symbol-name.lisp...
  → Failed

[339/1503] Processing /home/acl2/books/kestrel/utilities/member-symbol-name.lisp...
  → Failed

[340/1503] Processing /home/acl2/books/kestrel/utilities/messages.lisp...
Error reading /home/acl2/books/kestrel/utilities/messages.lisp: Package STD does not exist.

                                                                  Stream: #<SB-SYS:FD-STREAM for "file /home/acl2/books/kestrel/utilities/messages.lisp" {101E244533}>
  → Failed

[341/1503] Processing /home/acl2/books/kestrel/utilities/msgp.lisp...
  → Failed

[342/1503] Processing /home/acl2/books/kestrel/utilities/myquotep.lisp...
  → Generated 1 definitions

[343/1503] Processing /home/acl2/books/kestrel/utilities/nat-to-string.lisp...
  → Failed

[344/1503] Processing /home/acl2/books/kestrel/utilities/ordinals.lisp...
  → Failed

[345/1503] Processing /home/acl2/books/kestrel/utilities/orelse.lisp...
  → Generated 3 definitions

[346/1503] Processing /home/acl2/books/kestrel/utilities/our-digit-char-p.lisp...
  → Failed

[347/1503] Processing /home/acl2/books/kestrel/utilities/pack.lisp...
  → Generated 3 definitions

[348/1503] Processing /home/acl2/books/kestrel/utilities/print-base-p.lisp...
  → Failed

[349/1503] Processing /home/acl2/books/kestrel/utilities/quote.lisp...
  → Failed

[350/1503] Processing /home/acl2/books/kestrel/utilities/read-acl2-oracle.lisp...
  → Failed

[351/1503] Processing /home/acl2/books/kestrel/utilities/state.lisp...
  → Failed

[352/1503] Processing /home/acl2/books/kestrel/utilities/strings.lisp...
  → Generated 1 definitions

[353/1503] Processing /home/acl2/books/kestrel/utilities/system/numbered-names.lisp...
Error reading /home/acl2/books/kestrel/utilities/system/numbered-names.lisp: Package STR does not exist.

                                                                               Stream: #<SB-SYS:FD-STREAM for "file /home/acl2/books/kestrel/utilities/system/numbered-names.lisp" {101E2A1A43}>
  → Failed

[354/1503] Processing /home/acl2/books/kestrel/utilities/tables.lisp...
  → Generated 3 definitions

[355/1503] Processing /home/acl2/books/kestrel/utilities/trans-eval-error-triple.lisp...
  → Generated 2 definitions

[356/1503] Processing /home/acl2/books/kestrel/utilities/update-acl2-oracle.lisp...
  → Failed

[357/1503] Processing /home/acl2/books/make-event/acl2x-help.lisp...
  → Generated 3 definitions

[358/1503] Processing /home/acl2/books/meta/meta-plus-equal.lisp...
  → Generated 2 definitions

[359/1503] Processing /home/acl2/books/meta/meta-plus-lessp.lisp...
  → Generated 2 definitions

[360/1503] Processing /home/acl2/books/meta/meta-times-equal.lisp...
  → Generated 3 definitions

[361/1503] Processing /home/acl2/books/meta/meta.lisp...
  → Failed

[362/1503] Processing /home/acl2/books/meta/pseudo-termp-lemmas.lisp...
  → Failed

[363/1503] Processing /home/acl2/books/meta/term-defuns.lisp...
  → Generated 11 definitions

[364/1503] Processing /home/acl2/books/meta/term-lemmas.lisp...
  → Failed

[365/1503] Processing /home/acl2/books/misc/arithmetic-top-theory.lisp...
  → Failed

[366/1503] Processing /home/acl2/books/misc/bash-bsd.lisp...
  → Failed

[367/1503] Processing /home/acl2/books/misc/bash.lisp...
  → Generated 5 definitions

[368/1503] Processing /home/acl2/books/misc/beta-reduce.lisp...
  → Generated 3 definitions

[369/1503] Processing /home/acl2/books/misc/book-checks.lisp...
  → Generated 7 definitions

[370/1503] Processing /home/acl2/books/misc/callers-and-ancestors.lisp...
  → Generated 11 definitions

[371/1503] Processing /home/acl2/books/misc/character-encoding-test.lisp...
CORRUPTION WARNING in SBCL pid 25007 tid 25007:
Memory fault at 0xb3000000c8 (pc=0x100005a274)
The integrity of this image is possibly compromised.
Continuing with fingers crossed.
Warning - Error processing DEFUN TEST-2 - Unhandled memory fault at #xB3000000C8.
  → Failed

[372/1503] Processing /home/acl2/books/misc/check-acl2-exports.lisp...
  → Generated 5 definitions

[373/1503] Processing /home/acl2/books/misc/check-fn-inst.lisp...
  → Generated 1 definitions

[374/1503] Processing /home/acl2/books/misc/computed-hint-rewrite.lisp...
  → Generated 1 definitions

[375/1503] Processing /home/acl2/books/misc/computed-hint.lisp...
  → Generated 12 definitions

[376/1503] Processing /home/acl2/books/misc/csort.lisp...
Warning - Error processing DEFUN FIRSTN - The value
                                            223338299434
                                          is not of type
                                            SEQUENCE
  → Generated 17 definitions

[377/1503] Processing /home/acl2/books/misc/dead-events.lisp...
  → Failed

[378/1503] Processing /home/acl2/books/misc/defattach-bang.lisp...
  → Generated 3 definitions

[379/1503] Processing /home/acl2/books/misc/defattach-example.lisp...
  → Generated 4 definitions

[380/1503] Processing /home/acl2/books/misc/definline.lisp...
  → Failed

[381/1503] Processing /home/acl2/books/misc/defmac.lisp...
  → Generated 1 definitions

[382/1503] Processing /home/acl2/books/misc/defopener.lisp...
Warning - Error processing DEFUN DEFOPENER-BODIES - The value
                                                      ,FLG
                                                    is not of type
                                                      LIST
  → Generated 18 definitions

[383/1503] Processing /home/acl2/books/misc/defp.lisp...
  → Generated 8 definitions

[384/1503] Processing /home/acl2/books/misc/defpm.lisp...
  → Generated 9 definitions

[385/1503] Processing /home/acl2/books/misc/defproxy-test.lisp...
  → Generated 1 definitions

[386/1503] Processing /home/acl2/books/misc/defpun.lisp...
  → Generated 13 definitions

[387/1503] Processing /home/acl2/books/misc/defun-plus.lisp...
  → Generated 10 definitions

[388/1503] Processing /home/acl2/books/misc/dft-ex.lisp...
  → Failed

[389/1503] Processing /home/acl2/books/misc/dft.lisp...
  → Generated 15 definitions

[390/1503] Processing /home/acl2/books/misc/dijkstra-shortest-path.lisp...
  → Generated 37 definitions

[391/1503] Processing /home/acl2/books/misc/disassemble.lisp...
  → Generated 1 definitions

[392/1503] Processing /home/acl2/books/misc/dump-events.lisp...
  → Generated 3 definitions

[393/1503] Processing /home/acl2/books/misc/eliminate-irrelevance-tests.lisp...
  → Generated 2 definitions

[394/1503] Processing /home/acl2/books/misc/enumerate.lisp...
  → Generated 1 definitions

[395/1503] Processing /home/acl2/books/misc/equal-by-g-help.lisp...
  → Generated 2 definitions

[396/1503] Processing /home/acl2/books/misc/equal-by-g.lisp...
  → Failed

[397/1503] Processing /home/acl2/books/misc/eval.lisp...
  → Failed

[398/1503] Processing /home/acl2/books/misc/evalable-printing.lisp...
  → Generated 8 definitions

[399/1503] Processing /home/acl2/books/misc/expander-tests.lisp...
  → Failed

[400/1503] Processing /home/acl2/books/misc/expander.lisp...
CORRUPTION WARNING in SBCL pid 25007 tid 25007:
Memory fault at 0x6500000058 (pc=0x100003d408)
The integrity of this image is possibly compromised.
Continuing with fingers crossed.
Warning - Error processing DEFUN HIDE-SPECIAL-HYPS - Unhandled memory fault at #x6500000058.
CORRUPTION WARNING in SBCL pid 25007 tid 25007:
Memory fault at 0x6500000058 (pc=0x100005a274)
The integrity of this image is possibly compromised.
Continuing with fingers crossed.
Warning - Error processing DEFUN SIMP-HYPS0 - Unhandled memory fault at #x6500000058.
CORRUPTION WARNING in SBCL pid 25007 tid 25007:
Memory fault at 0x6900000048 (pc=0x100003d408)
The integrity of this image is possibly compromised.
Continuing with fingers crossed.
Warning - Error processing DEFUN SIMP-HYPS - Unhandled memory fault at #x6900000048.
  → Generated 39 definitions

[401/1503] Processing /home/acl2/books/misc/fast-coerce.lisp...
  → Generated 1 definitions

[402/1503] Processing /home/acl2/books/misc/fibonacci.lisp...
  → Generated 2 definitions

[403/1503] Processing /home/acl2/books/misc/file-io-doc.lisp...
  → Failed

[404/1503] Processing /home/acl2/books/misc/file-io.lisp...
  → Generated 6 definitions

[405/1503] Processing /home/acl2/books/misc/find-events-tests.lisp...
  → Failed

[406/1503] Processing /home/acl2/books/misc/find-lemmas.lisp...
  → Generated 2 definitions

[407/1503] Processing /home/acl2/books/misc/gentle.lisp...
  → Generated 1 definitions

[408/1503] Processing /home/acl2/books/misc/getprop.lisp...
  → Generated 5 definitions

[409/1503] Processing /home/acl2/books/misc/goodstein.lisp...
Warning - Error processing DEFUN ILOG - The value
                                          216895848489
                                        is not of type
                                          SEQUENCE
Warning - Error processing DEFUN SCALEP - The value
CORRUPTION WARNING in SBCL pid 25007 tid 25007:
Memory fault at 0x2000000036 (pc=0x10007a8984)
The integrity of this image is possibly compromised.
Continuing with fingers crossed.
Error processing /home/acl2/books/misc/goodstein.lisp: Unhandled memory fault at #x2000000036.
  → Failed

[410/1503] Processing /home/acl2/books/misc/grcd.lisp...
  → Generated 7 definitions

[411/1503] Processing /home/acl2/books/misc/hanoi.lisp...
  → Generated 20 definitions

[412/1503] Processing /home/acl2/books/misc/hidden-defpkg-checks/pkg1.lisp...
  → Failed

[413/1503] Processing /home/acl2/books/misc/hidden-defpkg-checks/pkg2.lisp...
  → Failed

[414/1503] Processing /home/acl2/books/misc/hidden-defpkg-checks/sub1.lisp...
  → Failed

[415/1503] Processing /home/acl2/books/misc/hidden-defpkg-checks/sub2.lisp...
  → Failed

[416/1503] Processing /home/acl2/books/misc/hidden-defpkg-checks/top.lisp...
  → Failed

[417/1503] Processing /home/acl2/books/misc/hons-help.lisp...
  → Generated 3 definitions

[418/1503] Processing /home/acl2/books/misc/hons-help2.lisp...
  → Failed

[419/1503] Processing /home/acl2/books/misc/hons-tests.lisp...
  → Generated 5 definitions

[420/1503] Processing /home/acl2/books/misc/how-to-prove-thms.lisp...
  → Generated 29 definitions

[421/1503] Processing /home/acl2/books/misc/install-not-normalized-tests.lisp...
  → Failed

[422/1503] Processing /home/acl2/books/misc/install-not-normalized.lisp...
  → Generated 5 definitions

[423/1503] Processing /home/acl2/books/misc/int-division.lisp...
  → Generated 2 definitions

[424/1503] Processing /home/acl2/books/misc/integer-type-set-test.lisp...
  → Generated 1 definitions

[425/1503] Processing /home/acl2/books/misc/invariants.lisp...
Warning - Error processing DEFUN INV-BUILD-LEMMA-FROM-CONTEXT - The value
                                                                  ,HYPS
                                                                is not of type
                                                                  SEQUENCE
Warning - Error processing DEFUN INV-CLAUSE-TO-THEOREM - The value
                                                           ,(DUMB-NEGATE-LIT-LST
                                                             (BUTLAST CLAUSE
                                                                      1))

                                                         is not of type
                                                           SEQUENCE
Warning - Error processing DEFUN CALLS-MAKE-CONCLS - The value
                                                       ,ARGS
                                                     is not of type
                                                       SEQUENCE
Warning - Error processing DEFUN GATHER-INVARIANT-REQS-FROM-INDUCTION - The
                                                                        value
                                                                          ,TESTS

                                                                        is not
                                                                        of type
                                                                          SEQUENCE
Warning - Error processing DEFUN NAME-AND-NUMBER-LEMMAS - The value
                                                            ,OTHER-ARGS
                                                          is not of type
                                                            LIST
  → Generated 11 definitions

[426/1503] Processing /home/acl2/books/misc/meta-lemmas.lisp...
  → Failed

[427/1503] Processing /home/acl2/books/misc/mult.lisp...
  → Generated 18 definitions

[428/1503] Processing /home/acl2/books/misc/multi-v-uni.lisp...
Warning - Error processing DEFUN PIDA0 - The value
                                           0
                                         is not of type
                                           SEQUENCE
  → Generated 49 definitions

[429/1503] Processing /home/acl2/books/misc/oprof.lisp...
  → Generated 5 definitions

[430/1503] Processing /home/acl2/books/misc/pigeonhole.lisp...
Error reading /home/acl2/books/misc/pigeonhole.lisp: Package PIGEONHOLE does not exist.

                                                       Stream: #<SB-SYS:FD-STREAM for "file /home/acl2/books/misc/pigeonhole.lisp" {101F235753}>
  → Failed

[431/1503] Processing /home/acl2/books/misc/priorities.lisp...
  → Generated 6 definitions

[432/1503] Processing /home/acl2/books/misc/problem13.lisp...
  → Generated 2 definitions

[433/1503] Processing /home/acl2/books/misc/process-book-readme.lisp...
  → Generated 5 definitions

[434/1503] Processing /home/acl2/books/misc/profiling.lisp...
  → Generated 2 definitions

[435/1503] Processing /home/acl2/books/misc/radix.lisp...
  → Generated 14 definitions

[436/1503] Processing /home/acl2/books/misc/random.lisp...
  → Generated 2 definitions

[437/1503] Processing /home/acl2/books/misc/records-bsd.lisp...
  → Failed

[438/1503] Processing /home/acl2/books/misc/records.lisp...
  → Generated 10 definitions

[439/1503] Processing /home/acl2/books/misc/records0.lisp...
  → Generated 7 definitions

[440/1503] Processing /home/acl2/books/misc/redef-pkg.lisp...
  → Generated 1 definitions

[441/1503] Processing /home/acl2/books/misc/rtl-untranslate.lisp...
  → Generated 12 definitions

[442/1503] Processing /home/acl2/books/misc/save-time.lisp...
  → Generated 4 definitions

[443/1503] Processing /home/acl2/books/misc/seq.lisp...
  → Generated 15 definitions

[444/1503] Processing /home/acl2/books/misc/seqw.lisp...
  → Generated 3 definitions

[445/1503] Processing /home/acl2/books/misc/simp.lisp...
  → Generated 1 definitions

[446/1503] Processing /home/acl2/books/misc/simplify-defuns.lisp...
  → Generated 34 definitions

[447/1503] Processing /home/acl2/books/misc/simplify-thm.lisp...
Warning - Error processing DEFUN SMPL-CLAUSE-TO-THEOREM - The value
                                                            ,(DUMB-NEGATE-LIT-LST
                                                              (BUTLAST CLAUSE
                                                                       1))

                                                          is not of type
                                                            SEQUENCE
Warning - Error processing DEFUN SMPL-CLAUSES-TO-DEFTHMS - The value
                                                             ,ARGS
                                                           is not of type
                                                             LIST
  → Generated 3 definitions

[448/1503] Processing /home/acl2/books/misc/sin-cos.lisp...
Error reading /home/acl2/books/misc/sin-cos.lisp: no dispatch function defined for #\{

                                                    Stream: #<SB-SYS:FD-STREAM for "file /home/acl2/books/misc/sin-cos.lisp" {101F768123}>
  → Failed

[449/1503] Processing /home/acl2/books/misc/sort-symbols.lisp...
  → Failed

[450/1503] Processing /home/acl2/books/misc/sticky-disable.lisp...
  → Generated 5 definitions

[451/1503] Processing /home/acl2/books/misc/symbol-btree.lisp...
  → Generated 17 definitions

[452/1503] Processing /home/acl2/books/misc/symbol-print-full-escapes.lisp...
  → Generated 4 definitions

[453/1503] Processing /home/acl2/books/misc/total-order-bsd.lisp...
  → Failed

[454/1503] Processing /home/acl2/books/misc/total-order.lisp...
  → Failed

[455/1503] Processing /home/acl2/books/misc/trace-star.lisp...
  → Generated 4 definitions

[456/1503] Processing /home/acl2/books/misc/transfinite.lisp...
  → Generated 1 definitions

[457/1503] Processing /home/acl2/books/misc/untranslate-patterns.lisp...
Error reading /home/acl2/books/misc/untranslate-patterns.lisp: Package STD does not exist.

                                                                 Stream: #<SB-SYS:FD-STREAM for "file /home/acl2/books/misc/untranslate-patterns.lisp" {101F836D03}>
  → Failed

[458/1503] Processing /home/acl2/books/misc/wet.lisp...
  → Generated 7 definitions

[459/1503] Processing /home/acl2/books/misc/with-waterfall-parallelism.lisp...
  → Generated 1 definitions

[460/1503] Processing /home/acl2/books/misc/without-waterfall-parallelism.lisp...
  → Generated 1 definitions

[461/1503] Processing /home/acl2/books/ordinals/e0-ordinal.lisp...
  → Generated 3 definitions

[462/1503] Processing /home/acl2/books/ordinals/lexicographic-book.lisp...
  → Generated 6 definitions

[463/1503] Processing /home/acl2/books/ordinals/lexicographic-ordering-without-arithmetic.lisp...
  → Failed

[464/1503] Processing /home/acl2/books/ordinals/limits.lisp...
  → Failed

[465/1503] Processing /home/acl2/books/ordinals/ordinal-addition.lisp...
  → Failed

[466/1503] Processing /home/acl2/books/ordinals/ordinal-basic-thms.lisp...
  → Failed

[467/1503] Processing /home/acl2/books/ordinals/ordinal-definitions.lisp...
Warning - Error processing DEFUN FIRSTN - The value
                                            223338299434
                                          is not of type
                                            SEQUENCE
Warning - Error processing DEFUN DROPN - The value
                                           216895848481
                                         is not of type
                                           SEQUENCE
Warning - Error processing DEFUN WCMP - The value
CORRUPTION WARNING in SBCL pid 25007 tid 25007:
Memory fault at 0x2000000036 (pc=0x10007a8984)
The integrity of this image is possibly compromised.
Continuing with fingers crossed.
Error processing /home/acl2/books/ordinals/ordinal-definitions.lisp: Unhandled memory fault at #x2000000036.
  → Failed

[468/1503] Processing /home/acl2/books/ordinals/ordinal-exponentiation.lisp...
  → Failed

[469/1503] Processing /home/acl2/books/ordinals/ordinal-isomorphism.lisp...
Warning - Error processing DEFUN E0-ORD-< - The value
                                              68719476766
                                            is not of type
                                              SEQUENCE
Warning - Error processing DEFUN E0-ORDINALP - The value
                                                 223338299434
                                               is not of type
                                                 SEQUENCE
  → Generated 3 definitions

[470/1503] Processing /home/acl2/books/ordinals/ordinal-multiplication.lisp...
  → Failed

[471/1503] Processing /home/acl2/books/ordinals/ordinal-total-order.lisp...
  → Failed

[472/1503] Processing /home/acl2/books/ordinals/ordinals-without-arithmetic.lisp...
  → Failed

[473/1503] Processing /home/acl2/books/ordinals/top-with-meta.lisp...
  → Failed

[474/1503] Processing /home/acl2/books/oslib/portcullis.lisp...
  → Failed

[475/1503] Processing /home/acl2/books/oslib/read-acl2-oracle.lisp...
  → Failed

[476/1503] Processing /home/acl2/books/projects/apply/apply.lisp...
  → Failed

[477/1503] Processing /home/acl2/books/projects/apply/base.lisp...
  → Generated 2 definitions

[478/1503] Processing /home/acl2/books/projects/apply/definductor.lisp...
  → Generated 18 definitions

[479/1503] Processing /home/acl2/books/projects/apply/loop-lemmas.lisp...
  → Generated 6 definitions

[480/1503] Processing /home/acl2/books/projects/apply/loop.lisp...
  → Failed

[481/1503] Processing /home/acl2/books/projects/apply/relink-fancy-scion.lisp...
  → Generated 9 definitions

[482/1503] Processing /home/acl2/books/projects/apply/top.lisp...
  → Failed

[483/1503] Processing /home/acl2/books/projects/numbers/euclid.lisp...
  → Failed

[484/1503] Processing /home/acl2/books/projects/numbers/fermat.lisp...
  → Failed

[485/1503] Processing /home/acl2/books/projects/numbers/portcullis.lisp...
  → Failed

[486/1503] Processing /home/acl2/books/projects/numbers/pratt.lisp...
  → Generated 17 definitions

[487/1503] Processing /home/acl2/books/projects/numbers/support/crt.lisp...
Error reading /home/acl2/books/projects/numbers/support/crt.lisp: Package RTL does not exist.

                                                                    Stream: #<SB-SYS:FD-STREAM for "file /home/acl2/books/projects/numbers/support/crt.lisp" {101FBB8533}>
  → Failed

[488/1503] Processing /home/acl2/books/projects/numbers/support/euclid.lisp...
Error reading /home/acl2/books/projects/numbers/support/euclid.lisp: Package RTL does not exist.

                                                                       Stream: #<SB-SYS:FD-STREAM for "file /home/acl2/books/projects/numbers/support/euclid.lisp" {101FBBB6E3}>
  → Failed

[489/1503] Processing /home/acl2/books/projects/numbers/support/euler.lisp...
Error reading /home/acl2/books/projects/numbers/support/euler.lisp: Package RTL does not exist.

                                                                      Stream: #<SB-SYS:FD-STREAM for "file /home/acl2/books/projects/numbers/support/euler.lisp" {101FBBE903}>
  → Failed

[490/1503] Processing /home/acl2/books/projects/numbers/support/fermat.lisp...
Error reading /home/acl2/books/projects/numbers/support/fermat.lisp: Package RTL does not exist.

                                                                       Stream: #<SB-SYS:FD-STREAM for "file /home/acl2/books/projects/numbers/support/fermat.lisp" {101FBD1A03}>
  → Failed

[491/1503] Processing /home/acl2/books/projects/numbers/support/fta.lisp...
  → Generated 4 definitions

[492/1503] Processing /home/acl2/books/projects/numbers/support/gauss.lisp...
Error reading /home/acl2/books/projects/numbers/support/gauss.lisp: Package RTL does not exist.

                                                                      Stream: #<SB-SYS:FD-STREAM for "file /home/acl2/books/projects/numbers/support/gauss.lisp" {101FBDCDE3}>
  → Failed

[493/1503] Processing /home/acl2/books/projects/numbers/support/mersenne.lisp...
Error reading /home/acl2/books/projects/numbers/support/mersenne.lisp: Package RTL does not exist.

                                                                         Stream: #<SB-SYS:FD-STREAM for "file /home/acl2/books/projects/numbers/support/mersenne.lisp" {101FC00133}>
  → Failed

[494/1503] Processing /home/acl2/books/projects/numbers/support/pratt.lisp...
Error reading /home/acl2/books/projects/numbers/support/pratt.lisp: Package RTL does not exist.

                                                                      Stream: #<SB-SYS:FD-STREAM for "file /home/acl2/books/projects/numbers/support/pratt.lisp" {101FC03323}>
  → Failed

[495/1503] Processing /home/acl2/books/quicklisp/base.lisp...
  → Failed

[496/1503] Processing /home/acl2/books/quicklisp/bordeaux.lisp...
  → Failed

[497/1503] Processing /home/acl2/books/rtl/rel11/localize-macros.lisp...
  → Failed

[498/1503] Processing /home/acl2/books/rtl/rel11/portcullis.lisp...
  → Failed

[499/1503] Processing /home/acl2/books/rtl/rel11/support/basic.lisp...
  → Failed

[500/1503] Processing /home/acl2/books/rtl/rel11/support/util.lisp...
  → Generated 3 definitions

[501/1503] Processing /home/acl2/books/rtl/rel9/arithmetic/arith.lisp...
  → Failed

[502/1503] Processing /home/acl2/books/rtl/rel9/arithmetic/arith2.lisp...
  → Generated 1 definitions

[503/1503] Processing /home/acl2/books/rtl/rel9/arithmetic/basic.lisp...
  → Generated 2 definitions

[504/1503] Processing /home/acl2/books/rtl/rel9/arithmetic/cg.lisp...
  → Failed

[505/1503] Processing /home/acl2/books/rtl/rel9/arithmetic/common-factor-defuns.lisp...
  → Generated 2 definitions

[506/1503] Processing /home/acl2/books/rtl/rel9/arithmetic/common-factor.lisp...
  → Generated 1 definitions

[507/1503] Processing /home/acl2/books/rtl/rel9/arithmetic/complex-rationalp.lisp...
  → Failed

[508/1503] Processing /home/acl2/books/rtl/rel9/arithmetic/denominator.lisp...
  → Failed

[509/1503] Processing /home/acl2/books/rtl/rel9/arithmetic/even-odd.lisp...
  → Generated 1 definitions

[510/1503] Processing /home/acl2/books/rtl/rel9/arithmetic/even-odd2-proofs.lisp...
  → Generated 1 definitions

[511/1503] Processing /home/acl2/books/rtl/rel9/arithmetic/even-odd2.lisp...
  → Failed

[512/1503] Processing /home/acl2/books/rtl/rel9/arithmetic/expo-proofs.lisp...
Warning - Error processing DEFUN EXPO-MEASURE - The value
                                                  0
                                                is not of type
                                                  SEQUENCE
  → Generated 2 definitions

[513/1503] Processing /home/acl2/books/rtl/rel9/arithmetic/expo.lisp...
Warning - Error processing DEFUN EXPO-MEASURE - The value
                                                  0
                                                is not of type
                                                  SEQUENCE
  → Generated 2 definitions

[514/1503] Processing /home/acl2/books/rtl/rel9/arithmetic/expt-proofs.lisp...
  → Generated 2 definitions

[515/1503] Processing /home/acl2/books/rtl/rel9/arithmetic/expt.lisp...
  → Generated 2 definitions

[516/1503] Processing /home/acl2/books/rtl/rel9/arithmetic/extra-rules.lisp...
  → Failed

[517/1503] Processing /home/acl2/books/rtl/rel9/arithmetic/fl-expt.lisp...
  → Generated 1 definitions

[518/1503] Processing /home/acl2/books/rtl/rel9/arithmetic/fl-hacks.lisp...
  → Failed

[519/1503] Processing /home/acl2/books/rtl/rel9/arithmetic/fl-proofs.lisp...
  → Failed

[520/1503] Processing /home/acl2/books/rtl/rel9/arithmetic/fl.lisp...
  → Failed

[521/1503] Processing /home/acl2/books/rtl/rel9/arithmetic/floor-proofs.lisp...
  → Failed

[522/1503] Processing /home/acl2/books/rtl/rel9/arithmetic/floor.lisp...
  → Failed

[523/1503] Processing /home/acl2/books/rtl/rel9/arithmetic/fp2.lisp...
  → Generated 2 definitions

[524/1503] Processing /home/acl2/books/rtl/rel9/arithmetic/ground-zero.lisp...
  → Failed

[525/1503] Processing /home/acl2/books/rtl/rel9/arithmetic/induct.lisp...
  → Generated 6 definitions

[526/1503] Processing /home/acl2/books/rtl/rel9/arithmetic/integerp.lisp...
  → Failed

[527/1503] Processing /home/acl2/books/rtl/rel9/arithmetic/inverted-factor.lisp...
  → Generated 5 definitions

[528/1503] Processing /home/acl2/books/rtl/rel9/arithmetic/mod-expt.lisp...
  → Generated 1 definitions

[529/1503] Processing /home/acl2/books/rtl/rel9/arithmetic/mod-proofs.lisp...
  → Generated 3 definitions

[530/1503] Processing /home/acl2/books/rtl/rel9/arithmetic/mod.lisp...
  → Generated 3 definitions

[531/1503] Processing /home/acl2/books/rtl/rel9/arithmetic/negative-syntaxp.lisp...
  → Generated 1 definitions

[532/1503] Processing /home/acl2/books/rtl/rel9/arithmetic/nniq.lisp...
  → Failed

[533/1503] Processing /home/acl2/books/rtl/rel9/arithmetic/numerator.lisp...
  → Failed

[534/1503] Processing /home/acl2/books/rtl/rel9/arithmetic/power2p.lisp...
  → Failed

[535/1503] Processing /home/acl2/books/rtl/rel9/arithmetic/predicate.lisp...
  → Generated 1 definitions

[536/1503] Processing /home/acl2/books/rtl/rel9/arithmetic/product-proofs.lisp...
  → Failed

[537/1503] Processing /home/acl2/books/rtl/rel9/arithmetic/product.lisp...
  → Failed

[538/1503] Processing /home/acl2/books/rtl/rel9/arithmetic/rationalp.lisp...
  → Failed

[539/1503] Processing /home/acl2/books/rtl/rel9/arithmetic/top.lisp...
  → Failed

[540/1503] Processing /home/acl2/books/rtl/rel9/arithmetic/unary-divide.lisp...
  → Failed

[541/1503] Processing /home/acl2/books/rtl/rel9/arithmetic/x-2xx.lisp...
  → Failed

[542/1503] Processing /home/acl2/books/sorting/convert-perm-to-how-many.lisp...
  → Generated 2 definitions

[543/1503] Processing /home/acl2/books/sorting/how-many.lisp...
  → Generated 1 definitions

[544/1503] Processing /home/acl2/books/sorting/merge-sort-term-order.lisp...
  → Failed

[545/1503] Processing /home/acl2/books/sorting/perm.lisp...
  → Generated 3 definitions

[546/1503] Processing /home/acl2/books/sorting/term-ordered-perms.lisp...
  → Generated 1 definitions

[547/1503] Processing /home/acl2/books/std/alists/abstract.lisp...
  → Failed

[548/1503] Processing /home/acl2/books/std/alists/alist-defuns.lisp...
  → Failed

[549/1503] Processing /home/acl2/books/std/alists/alist-equiv.lisp...
  → Failed

[550/1503] Processing /home/acl2/books/std/alists/alist-fix.lisp...
  → Failed

[551/1503] Processing /home/acl2/books/std/alists/alist-keys.lisp...
  → Failed

[552/1503] Processing /home/acl2/books/std/alists/alist-map-keys.lisp...
Error reading /home/acl2/books/std/alists/alist-map-keys.lisp: Package XDOC does not exist.

                                                                 Stream: #<SB-SYS:FD-STREAM for "file /home/acl2/books/std/alists/alist-map-keys.lisp" {101FE4BC23}>
  → Failed

[553/1503] Processing /home/acl2/books/std/alists/alist-map-vals.lisp...
Error reading /home/acl2/books/std/alists/alist-map-vals.lisp: Package XDOC does not exist.

                                                                 Stream: #<SB-SYS:FD-STREAM for "file /home/acl2/books/std/alists/alist-map-vals.lisp" {101FE4EDB3}>
  → Failed

[554/1503] Processing /home/acl2/books/std/alists/alist-vals.lisp...
  → Failed

[555/1503] Processing /home/acl2/books/std/alists/alistp.lisp...
  → Failed

[556/1503] Processing /home/acl2/books/std/alists/alists-compatible.lisp...
  → Generated 1 definitions

[557/1503] Processing /home/acl2/books/std/alists/append-alist-keys.lisp...
  → Failed

[558/1503] Processing /home/acl2/books/std/alists/append-alist-vals.lisp...
  → Failed

[559/1503] Processing /home/acl2/books/std/alists/assoc.lisp...
  → Failed

[560/1503] Processing /home/acl2/books/std/alists/fal-all-boundp.lisp...
  → Failed

[561/1503] Processing /home/acl2/books/std/alists/fal-extract-vals.lisp...
  → Failed

[562/1503] Processing /home/acl2/books/std/alists/fal-extract.lisp...
  → Failed

[563/1503] Processing /home/acl2/books/std/alists/fal-find-any.lisp...
  → Failed

[564/1503] Processing /home/acl2/books/std/alists/fast-alist-clean.lisp...
  → Failed

[565/1503] Processing /home/acl2/books/std/alists/hons-assoc-equal.lisp...
  → Failed

[566/1503] Processing /home/acl2/books/std/alists/hons-put-assoc.lisp...
  → Failed

[567/1503] Processing /home/acl2/books/std/alists/hons-rassoc-equal.lisp...
  → Failed

[568/1503] Processing /home/acl2/books/std/alists/hons-remove-assoc.lisp...
  → Failed

[569/1503] Processing /home/acl2/books/std/alists/pairlis.lisp...
  → Failed

[570/1503] Processing /home/acl2/books/std/alists/put-assoc-equal.lisp...
  → Failed

[571/1503] Processing /home/acl2/books/std/alists/remove-assoc-equal.lisp...
  → Failed

[572/1503] Processing /home/acl2/books/std/alists/remove-assocs.lisp...
Error reading /home/acl2/books/std/alists/remove-assocs.lisp: Package XDOC does not exist.

                                                                Stream: #<SB-SYS:FD-STREAM for "file /home/acl2/books/std/alists/remove-assocs.lisp" {101FEB96E3}>
  → Failed

[573/1503] Processing /home/acl2/books/std/alists/strip-cars.lisp...
  → Failed

[574/1503] Processing /home/acl2/books/std/alists/strip-cdrs.lisp...
  → Failed

[575/1503] Processing /home/acl2/books/std/alists/top.lisp...
  → Failed

[576/1503] Processing /home/acl2/books/std/alists/worth-hashing.lisp...
  → Failed

[577/1503] Processing /home/acl2/books/std/basic/arith-equiv-defs.lisp...
  → Failed

[578/1503] Processing /home/acl2/books/std/basic/arith-equivs.lisp...
  → Failed

[579/1503] Processing /home/acl2/books/std/basic/bytep.lisp...
Error reading /home/acl2/books/std/basic/bytep.lisp: Package XDOC does not exist.

                                                       Stream: #<SB-SYS:FD-STREAM for "file /home/acl2/books/std/basic/bytep.lisp" {101FEE8393}>
  → Failed

[580/1503] Processing /home/acl2/books/std/basic/code-char-char-code-with-force.lisp...
  → Failed

[581/1503] Processing /home/acl2/books/std/basic/controlled-configuration.lisp...
Error reading /home/acl2/books/std/basic/controlled-configuration.lisp: Package STD does not exist.

                                                                          Stream: #<SB-SYS:FD-STREAM for "file /home/acl2/books/std/basic/controlled-configuration.lisp" {101FEECC43}>
  → Failed

[582/1503] Processing /home/acl2/books/std/basic/defs.lisp...
Error reading /home/acl2/books/std/basic/defs.lisp: Package XDOC does not exist.

                                                      Stream: #<SB-SYS:FD-STREAM for "file /home/acl2/books/std/basic/defs.lisp" {101FEEFC73}>
  → Failed

[583/1503] Processing /home/acl2/books/std/basic/fix.lisp...
  → Failed

[584/1503] Processing /home/acl2/books/std/basic/good-pseudo-term-listp.lisp...
Error reading /home/acl2/books/std/basic/good-pseudo-term-listp.lisp: Package STD does not exist.

                                                                        Stream: #<SB-SYS:FD-STREAM for "file /home/acl2/books/std/basic/good-pseudo-term-listp.lisp" {101FEF4613}>
  → Failed

[585/1503] Processing /home/acl2/books/std/basic/good-pseudo-termp.lisp...
Error reading /home/acl2/books/std/basic/good-pseudo-termp.lisp: Package XDOC does not exist.

                                                                   Stream: #<SB-SYS:FD-STREAM for "file /home/acl2/books/std/basic/good-pseudo-termp.lisp" {101FEF7703}>
  → Failed

[586/1503] Processing /home/acl2/books/std/basic/good-valuep.lisp...
Error reading /home/acl2/books/std/basic/good-valuep.lisp: Package XDOC does not exist.

                                                             Stream: #<SB-SYS:FD-STREAM for "file /home/acl2/books/std/basic/good-valuep.lisp" {101FEFA8B3}>
  → Failed

[587/1503] Processing /home/acl2/books/std/basic/if-star.lisp...
Error reading /home/acl2/books/std/basic/if-star.lisp: Package XDOC does not exist.

                                                         Stream: #<SB-SYS:FD-STREAM for "file /home/acl2/books/std/basic/if-star.lisp" {101FEFD993}>
  → Failed

[588/1503] Processing /home/acl2/books/std/basic/ifix.lisp...
  → Failed

[589/1503] Processing /home/acl2/books/std/basic/inductions.lisp...
Error reading /home/acl2/books/std/basic/inductions.lisp: Package XDOC does not exist.

                                                            Stream: #<SB-SYS:FD-STREAM for "file /home/acl2/books/std/basic/inductions.lisp" {101FF120E3}>
  → Failed

[590/1503] Processing /home/acl2/books/std/basic/intern-in-package-of-symbol.lisp...
  → Failed

[591/1503] Processing /home/acl2/books/std/basic/maybe-natp.lisp...
  → Failed

[592/1503] Processing /home/acl2/books/std/basic/maybe-string-fix.lisp...
Error reading /home/acl2/books/std/basic/maybe-string-fix.lisp: Package STD does not exist.

                                                                  Stream: #<SB-SYS:FD-STREAM for "file /home/acl2/books/std/basic/maybe-string-fix.lisp" {101FF19B23}>
  → Failed

[593/1503] Processing /home/acl2/books/std/basic/mbt-dollar.lisp...
Error reading /home/acl2/books/std/basic/mbt-dollar.lisp: Package XDOC does not exist.

                                                            Stream: #<SB-SYS:FD-STREAM for "file /home/acl2/books/std/basic/mbt-dollar.lisp" {101FF1CB83}>
  → Failed

[594/1503] Processing /home/acl2/books/std/basic/member-symbol-name.lisp...
  → Failed

[595/1503] Processing /home/acl2/books/std/basic/nfix.lisp...
  → Failed

[596/1503] Processing /home/acl2/books/std/basic/nibblep.lisp...
Error reading /home/acl2/books/std/basic/nibblep.lisp: Package XDOC does not exist.

                                                         Stream: #<SB-SYS:FD-STREAM for "file /home/acl2/books/std/basic/nibblep.lisp" {101FF22CC3}>
  → Failed

[597/1503] Processing /home/acl2/books/std/basic/nonkeyword-listp.lisp...
Error reading /home/acl2/books/std/basic/nonkeyword-listp.lisp: Package STD does not exist.

                                                                  Stream: #<SB-SYS:FD-STREAM for "file /home/acl2/books/std/basic/nonkeyword-listp.lisp" {101FF25E43}>
  → Failed

[598/1503] Processing /home/acl2/books/std/basic/organize-symbols-by-name-tests.lisp...
Error reading /home/acl2/books/std/basic/organize-symbols-by-name-tests.lisp: Lock
                                                                              on
                                                                              package
                                                                              COMMON-LISP
                                                                              violated
                                                                              when
                                                                              interning IN-COMMON-LISP
                                                                              while
                                                                              in
                                                                              package
                                                                              ACL2.
See also:
  The SBCL Manual, Node "Package Locks"
  The ANSI Standard, Section 11.1.2.1.2
  → Failed

[599/1503] Processing /home/acl2/books/std/basic/organize-symbols-by-name.lisp...
Error reading /home/acl2/books/std/basic/organize-symbols-by-name.lisp: Package XDOC does not exist.

                                                                          Stream: #<SB-SYS:FD-STREAM for "file /home/acl2/books/std/basic/organize-symbols-by-name.lisp" {101FF2D6C3}>
  → Failed

[600/1503] Processing /home/acl2/books/std/basic/organize-symbols-by-pkg-tests.lisp...
Error reading /home/acl2/books/std/basic/organize-symbols-by-pkg-tests.lisp: Lock
                                                                             on
                                                                             package
                                                                             COMMON-LISP
                                                                             violated
                                                                             when
                                                                             interning IN-COMMON-LISP
                                                                             while
                                                                             in
                                                                             package
                                                                             ACL2.
See also:
  The SBCL Manual, Node "Package Locks"
  The ANSI Standard, Section 11.1.2.1.2
  → Failed

[601/1503] Processing /home/acl2/books/std/basic/organize-symbols-by-pkg.lisp...
Error reading /home/acl2/books/std/basic/organize-symbols-by-pkg.lisp: Package XDOC does not exist.

                                                                         Stream: #<SB-SYS:FD-STREAM for "file /home/acl2/books/std/basic/organize-symbols-by-pkg.lisp" {101FF35013}>
  → Failed

[602/1503] Processing /home/acl2/books/std/basic/pos-fix.lisp...
  → Failed

[603/1503] Processing /home/acl2/books/std/basic/realfix.lisp...
  → Failed

[604/1503] Processing /home/acl2/books/std/basic/rfix.lisp...
  → Failed

[605/1503] Processing /home/acl2/books/std/basic/symbol-name-lst.lisp...
  → Failed

[606/1503] Processing /home/acl2/books/std/basic/symbol-package-name-lst-tests.lisp...
Error reading /home/acl2/books/std/basic/symbol-package-name-lst-tests.lisp: Package STD does not exist.

                                                                               Stream: #<SB-SYS:FD-STREAM for "file /home/acl2/books/std/basic/symbol-package-name-lst-tests.lisp" {101FF3E633}>
  → Failed

[607/1503] Processing /home/acl2/books/std/basic/symbol-package-name-lst.lisp...
Error reading /home/acl2/books/std/basic/symbol-package-name-lst.lisp: Package XDOC does not exist.

                                                                         Stream: #<SB-SYS:FD-STREAM for "file /home/acl2/books/std/basic/symbol-package-name-lst.lisp" {101FF41833}>
  → Failed

[608/1503] Processing /home/acl2/books/std/basic/symbol-package-name-non-cl-tests.lisp...
Error reading /home/acl2/books/std/basic/symbol-package-name-non-cl-tests.lisp: Package STD does not exist.

                                                                                  Stream: #<SB-SYS:FD-STREAM for "file /home/acl2/books/std/basic/symbol-package-name-non-cl-tests.lisp" {101FF44AD3}>
  → Failed

[609/1503] Processing /home/acl2/books/std/basic/symbol-package-name-non-cl.lisp...
Error reading /home/acl2/books/std/basic/symbol-package-name-non-cl.lisp: Package XDOC does not exist.

                                                                            Stream: #<SB-SYS:FD-STREAM for "file /home/acl2/books/std/basic/symbol-package-name-non-cl.lisp" {101FF47C63}>
  → Failed

[610/1503] Processing /home/acl2/books/std/basic/top.lisp...
  → Failed

[611/1503] Processing /home/acl2/books/std/basic/two-nats-measure.lisp...
  → Failed

[612/1503] Processing /home/acl2/books/std/bitsets/bignum-extract-opt-tests.lisp...
  → Generated 4 definitions

[613/1503] Processing /home/acl2/books/std/bitsets/bignum-extract-opt.lisp...
  → Failed

[614/1503] Processing /home/acl2/books/std/bitsets/bignum-extract.lisp...
  → Failed

[615/1503] Processing /home/acl2/books/std/bitsets/bits-between.lisp...
Error reading /home/acl2/books/std/bitsets/bits-between.lisp: Package XDOC does not exist.

                                                                Stream: #<SB-SYS:FD-STREAM for "file /home/acl2/books/std/bitsets/bits-between.lisp" {101FF74883}>
  → Failed

[616/1503] Processing /home/acl2/books/std/bitsets/bitsets-opt.lisp...
  → Failed

[617/1503] Processing /home/acl2/books/std/bitsets/bitsets-tests.lisp...
Error reading /home/acl2/books/std/bitsets/bitsets-tests.lisp: no dispatch function defined for #\u

                                                                 Stream: #<SB-SYS:FD-STREAM for "file /home/acl2/books/std/bitsets/bitsets-tests.lisp" {101FF791C3}>
  → Failed

[618/1503] Processing /home/acl2/books/std/bitsets/bitsets.lisp...
Error reading /home/acl2/books/std/bitsets/bitsets.lisp: Package SET does not exist.

                                                           Stream: #<SB-SYS:FD-STREAM for "file /home/acl2/books/std/bitsets/bitsets.lisp" {101FF7C273}>
  → Failed

[619/1503] Processing /home/acl2/books/std/bitsets/sbitsets-tests.lisp...
  → Failed

[620/1503] Processing /home/acl2/books/std/bitsets/sbitsets.lisp...
Error reading /home/acl2/books/std/bitsets/sbitsets.lisp: Package SET does not exist.

                                                            Stream: #<SB-SYS:FD-STREAM for "file /home/acl2/books/std/bitsets/sbitsets.lisp" {101FF90D53}>
  → Failed

[621/1503] Processing /home/acl2/books/std/bitsets/top.lisp...
  → Failed

[622/1503] Processing /home/acl2/books/std/io/base.lisp...
  → Failed

[623/1503] Processing /home/acl2/books/std/io/combine.lisp...
Error reading /home/acl2/books/std/io/combine.lisp: Package BITOPS does not exist.

                                                      Stream: #<SB-SYS:FD-STREAM for "file /home/acl2/books/std/io/combine.lisp" {101FFBA593}>
  → Failed

[624/1503] Processing /home/acl2/books/std/io/file-measure.lisp...
  → Failed

[625/1503] Processing /home/acl2/books/std/io/nthcdr-bytes.lisp...
  → Failed

[626/1503] Processing /home/acl2/books/std/io/open-channels.lisp...
  → Failed

[627/1503] Processing /home/acl2/books/std/io/print-objects.lisp...
  → Failed

[628/1503] Processing /home/acl2/books/std/io/read-file-bytes.lisp...
  → Failed

[629/1503] Processing /home/acl2/books/std/io/read-file-characters-no-error.lisp...
  → Failed

[630/1503] Processing /home/acl2/books/std/io/read-file-characters.lisp...
Error reading /home/acl2/books/std/io/read-file-characters.lisp: Package STR does not exist.

                                                                   Stream: #<SB-SYS:FD-STREAM for "file /home/acl2/books/std/io/read-file-characters.lisp" {101FFDED53}>
  → Failed

[631/1503] Processing /home/acl2/books/std/io/read-file-lines-no-newlines.lisp...
Error reading /home/acl2/books/std/io/read-file-lines-no-newlines.lisp: Package STR does not exist.

                                                                          Stream: #<SB-SYS:FD-STREAM for "file /home/acl2/books/std/io/read-file-lines-no-newlines.lisp" {101FFF2183}>
  → Failed

[632/1503] Processing /home/acl2/books/std/io/read-file-lines.lisp...
Error reading /home/acl2/books/std/io/read-file-lines.lisp: Package STR does not exist.

                                                              Stream: #<SB-SYS:FD-STREAM for "file /home/acl2/books/std/io/read-file-lines.lisp" {101FFF5E83}>
  → Failed

[633/1503] Processing /home/acl2/books/std/io/read-file-objects.lisp...
  → Failed

[634/1503] Processing /home/acl2/books/std/io/read-ints.lisp...
  → Failed

[635/1503] Processing /home/acl2/books/std/io/read-string-light.lisp...
  → Generated 1 definitions

[636/1503] Processing /home/acl2/books/std/io/read-string-tests.lisp...
Error reading /home/acl2/books/std/io/read-string-tests.lisp: Package STD does not exist.

                                                                Stream: #<SB-SYS:FD-STREAM for "file /home/acl2/books/std/io/read-string-tests.lisp" {102001EB63}>
  → Failed

[637/1503] Processing /home/acl2/books/std/io/read-string.lisp...
  → Failed

[638/1503] Processing /home/acl2/books/std/io/serialize-tests.lisp...
Error reading /home/acl2/books/std/io/serialize-tests.lisp: Lock on package
                                                            COMMON-LISP
                                                            violated when
                                                            interning FOO while
                                                            in package ACL2.
See also:
  The SBCL Manual, Node "Package Locks"
  The ANSI Standard, Section 11.1.2.1.2
  → Failed

[639/1503] Processing /home/acl2/books/std/io/serialize-tests2.lisp...
  → Failed

[640/1503] Processing /home/acl2/books/std/io/take-bytes.lisp...
  → Failed

[641/1503] Processing /home/acl2/books/std/io/top.lisp...
  → Failed

[642/1503] Processing /home/acl2/books/std/io/unsound-read.lisp...
  → Generated 1 definitions

[643/1503] Processing /home/acl2/books/std/lists/abstract.lisp...
  → Generated 2 definitions

[644/1503] Processing /home/acl2/books/std/lists/acl2-count.lisp...
  → Failed

[645/1503] Processing /home/acl2/books/std/lists/add-to-set.lisp...
  → Failed

[646/1503] Processing /home/acl2/books/std/lists/all-equalp.lisp...
  → Failed

[647/1503] Processing /home/acl2/books/std/lists/append.lisp...
  → Failed

[648/1503] Processing /home/acl2/books/std/lists/bits-equiv.lisp...
  → Failed

[649/1503] Processing /home/acl2/books/std/lists/butlast.lisp...
  → Failed

[650/1503] Processing /home/acl2/books/std/lists/duplicity.lisp...
  → Failed

[651/1503] Processing /home/acl2/books/std/lists/equiv.lisp...
  → Failed

[652/1503] Processing /home/acl2/books/std/lists/final-cdr.lisp...
  → Failed

[653/1503] Processing /home/acl2/books/std/lists/flatten.lisp...
  → Generated 1 definitions

[654/1503] Processing /home/acl2/books/std/lists/index-of.lisp...
  → Failed

[655/1503] Processing /home/acl2/books/std/lists/intersection.lisp...
  → Failed

[656/1503] Processing /home/acl2/books/std/lists/intersectp.lisp...
  → Failed

[657/1503] Processing /home/acl2/books/std/lists/last.lisp...
  → Failed

[658/1503] Processing /home/acl2/books/std/lists/len.lisp...
  → Failed

[659/1503] Processing /home/acl2/books/std/lists/list-defuns.lisp...
  → Generated 6 definitions

[660/1503] Processing /home/acl2/books/std/lists/list-fix.lisp...
  → Failed

[661/1503] Processing /home/acl2/books/std/lists/mfc-utils.lisp...
  → Generated 5 definitions

[662/1503] Processing /home/acl2/books/std/lists/nats-equiv.lisp...
  → Failed

[663/1503] Processing /home/acl2/books/std/lists/no-duplicatesp.lisp...
  → Failed

[664/1503] Processing /home/acl2/books/std/lists/nth.lisp...
  → Failed

[665/1503] Processing /home/acl2/books/std/lists/nthcdr.lisp...
  → Failed

[666/1503] Processing /home/acl2/books/std/lists/prefixp.lisp...
  → Failed

[667/1503] Processing /home/acl2/books/std/lists/rcons.lisp...
  → Generated 1 definitions

[668/1503] Processing /home/acl2/books/std/lists/remove-duplicates.lisp...
  → Failed

[669/1503] Processing /home/acl2/books/std/lists/remove.lisp...
  → Failed

[670/1503] Processing /home/acl2/books/std/lists/remove1-equal.lisp...
  → Failed

[671/1503] Processing /home/acl2/books/std/lists/repeat.lisp...
  → Failed

[672/1503] Processing /home/acl2/books/std/lists/resize-list.lisp...
  → Failed

[673/1503] Processing /home/acl2/books/std/lists/rev.lisp...
  → Generated 1 definitions

[674/1503] Processing /home/acl2/books/std/lists/revappend.lisp...
  → Failed

[675/1503] Processing /home/acl2/books/std/lists/reverse.lisp...
  → Failed

[676/1503] Processing /home/acl2/books/std/lists/same-lengthp.lisp...
  → Failed

[677/1503] Processing /home/acl2/books/std/lists/set-difference.lisp...
  → Failed

[678/1503] Processing /home/acl2/books/std/lists/sets.lisp...
  → Failed

[679/1503] Processing /home/acl2/books/std/lists/sublistp.lisp...
  → Failed

[680/1503] Processing /home/acl2/books/std/lists/subseq.lisp...
  → Failed

[681/1503] Processing /home/acl2/books/std/lists/suffixp.lisp...
  → Failed

[682/1503] Processing /home/acl2/books/std/lists/take.lisp...
  → Failed

[683/1503] Processing /home/acl2/books/std/lists/top.lisp...
  → Failed

[684/1503] Processing /home/acl2/books/std/lists/true-listp.lisp...
  → Failed

[685/1503] Processing /home/acl2/books/std/lists/union.lisp...
  → Failed

[686/1503] Processing /home/acl2/books/std/lists/update-nth.lisp...
  → Failed

[687/1503] Processing /home/acl2/books/std/misc/intern-in-package-of-symbol.lisp...
  → Failed

[688/1503] Processing /home/acl2/books/std/misc/two-nats-measure.lisp...
  → Failed

[689/1503] Processing /home/acl2/books/std/obags/core.lisp...
Error reading /home/acl2/books/std/obags/core.lisp: Package XDOC does not exist.

                                                      Stream: #<SB-SYS:FD-STREAM for "file /home/acl2/books/std/obags/core.lisp" {1020187B43}>
  → Failed

[690/1503] Processing /home/acl2/books/std/obags/portcullis.lisp...
  → Failed

[691/1503] Processing /home/acl2/books/std/obags/tests.lisp...
Error reading /home/acl2/books/std/obags/tests.lisp: Package OBAG does not exist.

                                                       Stream: #<SB-SYS:FD-STREAM for "file /home/acl2/books/std/obags/tests.lisp" {102018C843}>
  → Failed

[692/1503] Processing /home/acl2/books/std/obags/top.lisp...
  → Failed

[693/1503] Processing /home/acl2/books/std/obags/with-fixing-theorems.lisp...
Error reading /home/acl2/books/std/obags/with-fixing-theorems.lisp: Package FTY does not exist.

                                                                      Stream: #<SB-SYS:FD-STREAM for "file /home/acl2/books/std/obags/with-fixing-theorems.lisp" {10201A15B3}>
  → Failed

[694/1503] Processing /home/acl2/books/std/omaps/core.lisp...
Error reading /home/acl2/books/std/omaps/core.lisp: Package SET does not exist.

                                                      Stream: #<SB-SYS:FD-STREAM for "file /home/acl2/books/std/omaps/core.lisp" {10201A45B3}>
  → Failed

[695/1503] Processing /home/acl2/books/std/omaps/portcullis.lisp...
  → Failed

[696/1503] Processing /home/acl2/books/std/omaps/tests.lisp...
Error reading /home/acl2/books/std/omaps/tests.lisp: Package OMAP does not exist.

                                                       Stream: #<SB-SYS:FD-STREAM for "file /home/acl2/books/std/omaps/tests.lisp" {10201A8E23}>
  → Failed

[697/1503] Processing /home/acl2/books/std/omaps/top.lisp...
  → Failed

[698/1503] Processing /home/acl2/books/std/omaps/with-fixing-theorems.lisp...
Error reading /home/acl2/books/std/omaps/with-fixing-theorems.lisp: Package FTY does not exist.

                                                                      Stream: #<SB-SYS:FD-STREAM for "file /home/acl2/books/std/omaps/with-fixing-theorems.lisp" {10201AD5B3}>
  → Failed

[699/1503] Processing /home/acl2/books/std/osets/cardinality.lisp...
  → Failed

[700/1503] Processing /home/acl2/books/std/osets/computed-hints.lisp...
  → Generated 8 definitions

[701/1503] Processing /home/acl2/books/std/osets/delete.lisp...
  → Failed

[702/1503] Processing /home/acl2/books/std/osets/difference.lisp...
  → Generated 2 definitions

[703/1503] Processing /home/acl2/books/std/osets/element-list.lisp...
Error reading /home/acl2/books/std/osets/element-list.lisp: Package SET does not exist.

                                                              Stream: #<SB-SYS:FD-STREAM for "file /home/acl2/books/std/osets/element-list.lisp" {1020219B63}>
  → Failed

[704/1503] Processing /home/acl2/books/std/osets/instance.lisp...
  → Generated 19 definitions

[705/1503] Processing /home/acl2/books/std/osets/intersect.lisp...
  → Generated 2 definitions

[706/1503] Processing /home/acl2/books/std/osets/map-tests.lisp...
Error reading /home/acl2/books/std/osets/map-tests.lisp: Package SET does not exist.

                                                           Stream: #<SB-SYS:FD-STREAM for "file /home/acl2/books/std/osets/map-tests.lisp" {10202B7253}>
  → Failed

[707/1503] Processing /home/acl2/books/std/osets/map.lisp...
Error reading /home/acl2/books/std/osets/map.lisp: Package INSTANCE does not exist.

                                                     Stream: #<SB-SYS:FD-STREAM for "file /home/acl2/books/std/osets/map.lisp" {10202BA263}>
  → Failed

[708/1503] Processing /home/acl2/books/std/osets/membership.lisp...
Error reading /home/acl2/books/std/osets/membership.lisp: Package COMPUTED-HINTS does not exist.

                                                            Stream: #<SB-SYS:FD-STREAM for "file /home/acl2/books/std/osets/membership.lisp" {10202BD243}>
  → Failed

[709/1503] Processing /home/acl2/books/std/osets/nonemptyp.lisp...
  → Failed

[710/1503] Processing /home/acl2/books/std/osets/outer.lisp...
  → Failed

[711/1503] Processing /home/acl2/books/std/osets/primitives.lisp...
Error reading /home/acl2/books/std/osets/primitives.lisp: Package XDOC does not exist.

                                                            Stream: #<SB-SYS:FD-STREAM for "file /home/acl2/books/std/osets/primitives.lisp" {10202F3EB3}>
  → Failed

[712/1503] Processing /home/acl2/books/std/osets/quantify-tests.lisp...
Error reading /home/acl2/books/std/osets/quantify-tests.lisp: Package SET does not exist.

                                                                Stream: #<SB-SYS:FD-STREAM for "file /home/acl2/books/std/osets/quantify-tests.lisp" {10202FE6E3}>
  → Failed

[713/1503] Processing /home/acl2/books/std/osets/quantify.lisp...
Error reading /home/acl2/books/std/osets/quantify.lisp: Package INSTANCE does not exist.

                                                          Stream: #<SB-SYS:FD-STREAM for "file /home/acl2/books/std/osets/quantify.lisp" {1020311773}>
  → Failed

[714/1503] Processing /home/acl2/books/std/osets/sort.lisp...
  → Failed

[715/1503] Processing /home/acl2/books/std/osets/top.lisp...
Error reading /home/acl2/books/std/osets/top.lisp: Package XDOC does not exist.

                                                     Stream: #<SB-SYS:FD-STREAM for "file /home/acl2/books/std/osets/top.lisp" {102031C873}>
  → Failed

[716/1503] Processing /home/acl2/books/std/osets/under-set-equiv.lisp...
Error reading /home/acl2/books/std/osets/under-set-equiv.lisp: Package COMPUTED-HINTS does not exist.

                                                                 Stream: #<SB-SYS:FD-STREAM for "file /home/acl2/books/std/osets/under-set-equiv.lisp" {102031FA13}>
  → Failed

[717/1503] Processing /home/acl2/books/std/osets/union.lisp...
  → Generated 1 definitions

[718/1503] Processing /home/acl2/books/std/portcullis.lisp...
Error reading /home/acl2/books/std/portcullis.lisp: no dispatch function defined for #\!

                                                      Stream: #<SB-SYS:FD-STREAM for "file /home/acl2/books/std/portcullis.lisp" {1020326A13}>
  → Failed

[719/1503] Processing /home/acl2/books/std/stobjs/1d-arr.lisp...
Error reading /home/acl2/books/std/stobjs/1d-arr.lisp: Package STR does not exist.

                                                         Stream: #<SB-SYS:FD-STREAM for "file /home/acl2/books/std/stobjs/1d-arr.lisp" {1020329A03}>
  → Failed

[720/1503] Processing /home/acl2/books/std/stobjs/2d-arr.lisp...
Error reading /home/acl2/books/std/stobjs/2d-arr.lisp: Package STR does not exist.

                                                         Stream: #<SB-SYS:FD-STREAM for "file /home/acl2/books/std/stobjs/2d-arr.lisp" {10203459C3}>
  → Failed

[721/1503] Processing /home/acl2/books/std/stobjs/absstobjs.lisp...
  → Generated 1 definitions

[722/1503] Processing /home/acl2/books/std/stobjs/bitarr.lisp...
Error reading /home/acl2/books/std/stobjs/bitarr.lisp: Package STOBJS does not exist.

                                                         Stream: #<SB-SYS:FD-STREAM for "file /home/acl2/books/std/stobjs/bitarr.lisp" {1020366D63}>
  → Failed

[723/1503] Processing /home/acl2/books/std/stobjs/clone.lisp...
Warning - Error processing DEFUN CLONE-BASE-STOBJ-FN - The value
                                                         ,NEW-ARGS
                                                       is not of type
                                                         LIST
  → Generated 12 definitions

[724/1503] Processing /home/acl2/books/std/stobjs/def-hash-theory.lisp...
  → Failed

[725/1503] Processing /home/acl2/books/std/stobjs/def-hash.lisp...
  → Generated 1 definitions

[726/1503] Processing /home/acl2/books/std/stobjs/natarr.lisp...
Error reading /home/acl2/books/std/stobjs/natarr.lisp: Package STOBJS does not exist.

                                                         Stream: #<SB-SYS:FD-STREAM for "file /home/acl2/books/std/stobjs/natarr.lisp" {1020402E13}>
  → Failed

[727/1503] Processing /home/acl2/books/std/stobjs/nested-stobjs.lisp...
Error reading /home/acl2/books/std/stobjs/nested-stobjs.lisp: no dispatch function defined for #\!

                                                                Stream: #<SB-SYS:FD-STREAM for "file /home/acl2/books/std/stobjs/nested-stobjs.lisp" {1020406013}>
  → Failed

[728/1503] Processing /home/acl2/books/std/stobjs/nicestobj.lisp...
Error reading /home/acl2/books/std/stobjs/nicestobj.lisp: Package STD does not exist.

                                                            Stream: #<SB-SYS:FD-STREAM for "file /home/acl2/books/std/stobjs/nicestobj.lisp" {1020409073}>
  → Failed

[729/1503] Processing /home/acl2/books/std/stobjs/stobj-table.lisp...
  → Failed

[730/1503] Processing /home/acl2/books/std/stobjs/stobjtab.lisp...
  → Generated 9 definitions

[731/1503] Processing /home/acl2/books/std/stobjs/tests/1d-arr.lisp...
Error reading /home/acl2/books/std/stobjs/tests/1d-arr.lisp: Package XDOC does not exist.

                                                               Stream: #<SB-SYS:FD-STREAM for "file /home/acl2/books/std/stobjs/tests/1d-arr.lisp" {102043B5A3}>
  → Failed

[732/1503] Processing /home/acl2/books/std/stobjs/tests/2d-arr.lisp...
  → Generated 2 definitions

[733/1503] Processing /home/acl2/books/std/stobjs/tests/clone.lisp...
  → Failed

[734/1503] Processing /home/acl2/books/std/stobjs/tests/def-hash.lisp...
Error reading /home/acl2/books/std/stobjs/tests/def-hash.lisp: Package FTY does not exist.

                                                                 Stream: #<SB-SYS:FD-STREAM for "file /home/acl2/books/std/stobjs/tests/def-hash.lisp" {10204546A3}>
  → Failed

[735/1503] Processing /home/acl2/books/std/stobjs/top.lisp...
  → Failed

[736/1503] Processing /home/acl2/books/std/stobjs/updater-independence.lisp...
Error reading /home/acl2/books/std/stobjs/updater-independence.lisp: Package FTY does not exist.

                                                                       Stream: #<SB-SYS:FD-STREAM for "file /home/acl2/books/std/stobjs/updater-independence.lisp" {1020458FD3}>
  → Failed

[737/1503] Processing /home/acl2/books/std/strings/abbrevs.lisp...
Error reading /home/acl2/books/std/strings/abbrevs.lisp: Package STR does not exist.

                                                           Stream: #<SB-SYS:FD-STREAM for "file /home/acl2/books/std/strings/abbrevs.lisp" {102046DA33}>
  → Failed

[738/1503] Processing /home/acl2/books/std/strings/arithmetic.lisp...
Error reading /home/acl2/books/std/strings/arithmetic.lisp: Package STR does not exist.

                                                              Stream: #<SB-SYS:FD-STREAM for "file /home/acl2/books/std/strings/arithmetic.lisp" {1020470A33}>
  → Failed

[739/1503] Processing /home/acl2/books/std/strings/base64-tests.lisp...
  → Failed

[740/1503] Processing /home/acl2/books/std/strings/base64.lisp...
  → Failed

[741/1503] Processing /home/acl2/books/std/strings/bin-digit-char-listp.lisp...
Error reading /home/acl2/books/std/strings/bin-digit-char-listp.lisp: Package STD does not exist.

                                                                        Stream: #<SB-SYS:FD-STREAM for "file /home/acl2/books/std/strings/bin-digit-char-listp.lisp" {1020495773}>
  → Failed

[742/1503] Processing /home/acl2/books/std/strings/binary-tests.lisp...
  → Failed

[743/1503] Processing /home/acl2/books/std/strings/binary.lisp...
Error reading /home/acl2/books/std/strings/binary.lisp: no dispatch function defined for #\!

                                                          Stream: #<SB-SYS:FD-STREAM for "file /home/acl2/books/std/strings/binary.lisp" {102049A0B3}>
  → Failed

[744/1503] Processing /home/acl2/books/std/strings/case-conversion.lisp...
  → Failed

[745/1503] Processing /home/acl2/books/std/strings/cat-base.lisp...
  → Failed

[746/1503] Processing /home/acl2/books/std/strings/cat.lisp...
  → Failed

[747/1503] Processing /home/acl2/books/std/strings/char-case.lisp...
  → Failed

[748/1503] Processing /home/acl2/books/std/strings/char-fix.lisp...
  → Failed

[749/1503] Processing /home/acl2/books/std/strings/char-kinds-tests.lisp...
Error reading /home/acl2/books/std/strings/char-kinds-tests.lisp: Package STR does not exist.

                                                                    Stream: #<SB-SYS:FD-STREAM for "file /home/acl2/books/std/strings/char-kinds-tests.lisp" {10204DFCC3}>
  → Failed

[750/1503] Processing /home/acl2/books/std/strings/char-kinds.lisp...
  → Failed

[751/1503] Processing /home/acl2/books/std/strings/charset-fns.lisp...
Error reading /home/acl2/books/std/strings/charset-fns.lisp: Package XDOC does not exist.

                                                               Stream: #<SB-SYS:FD-STREAM for "file /home/acl2/books/std/strings/charset-fns.lisp" {10204F4C33}>
  → Failed

[752/1503] Processing /home/acl2/books/std/strings/charset.lisp...
Error reading /home/acl2/books/std/strings/charset.lisp: Package XDOC does not exist.

                                                           Stream: #<SB-SYS:FD-STREAM for "file /home/acl2/books/std/strings/charset.lisp" {10204F7C53}>
  → Failed

[753/1503] Processing /home/acl2/books/std/strings/coerce.lisp...
  → Failed

[754/1503] Processing /home/acl2/books/std/strings/dec-digit-char-listp.lisp...
Error reading /home/acl2/books/std/strings/dec-digit-char-listp.lisp: Package STD does not exist.

                                                                        Stream: #<SB-SYS:FD-STREAM for "file /home/acl2/books/std/strings/dec-digit-char-listp.lisp" {1020502D53}>
  → Failed

[755/1503] Processing /home/acl2/books/std/strings/decimal-tests.lisp...
  → Failed

[756/1503] Processing /home/acl2/books/std/strings/decimal.lisp...
Error reading /home/acl2/books/std/strings/decimal.lisp: Package XDOC does not exist.

                                                           Stream: #<SB-SYS:FD-STREAM for "file /home/acl2/books/std/strings/decimal.lisp" {1020507653}>
  → Failed

[757/1503] Processing /home/acl2/books/std/strings/defs-aux.lisp...
  → Failed

[758/1503] Processing /home/acl2/books/std/strings/defs-program.lisp...
Error reading /home/acl2/books/std/strings/defs-program.lisp: Package STD does not exist.

                                                                Stream: #<SB-SYS:FD-STREAM for "file /home/acl2/books/std/strings/defs-program.lisp" {102050BF93}>
  → Failed

[759/1503] Processing /home/acl2/books/std/strings/defs.lisp...
Error reading /home/acl2/books/std/strings/defs.lisp: Package STD does not exist.

                                                        Stream: #<SB-SYS:FD-STREAM for "file /home/acl2/books/std/strings/defs.lisp" {10205105C3}>
  → Failed

[760/1503] Processing /home/acl2/books/std/strings/digit-to-char.lisp...
  → Failed

[761/1503] Processing /home/acl2/books/std/strings/eqv.lisp...
Error reading /home/acl2/books/std/strings/eqv.lisp: Package STR does not exist.

                                                       Stream: #<SB-SYS:FD-STREAM for "file /home/acl2/books/std/strings/eqv.lisp" {1020514F13}>
  → Failed

[762/1503] Processing /home/acl2/books/std/strings/explode-atom.lisp...
Error reading /home/acl2/books/std/strings/explode-atom.lisp: Package STR does not exist.

                                                                Stream: #<SB-SYS:FD-STREAM for "file /home/acl2/books/std/strings/explode-atom.lisp" {10205194E3}>
  → Failed

[763/1503] Processing /home/acl2/books/std/strings/explode-implode-equalities.lisp...
  → Failed

[764/1503] Processing /home/acl2/books/std/strings/explode-nonnegative-integer.lisp...
Error reading /home/acl2/books/std/strings/explode-nonnegative-integer.lisp: Package STR does not exist.

                                                                               Stream: #<SB-SYS:FD-STREAM for "file /home/acl2/books/std/strings/explode-nonnegative-integer.lisp" {102051DF33}>
  → Failed

[765/1503] Processing /home/acl2/books/std/strings/fast-cat.lisp...
  → Failed

[766/1503] Processing /home/acl2/books/std/strings/firstn-chars.lisp...
  → Failed

[767/1503] Processing /home/acl2/books/std/strings/hex-digit-char-listp.lisp...
Error reading /home/acl2/books/std/strings/hex-digit-char-listp.lisp: Package STD does not exist.

                                                                        Stream: #<SB-SYS:FD-STREAM for "file /home/acl2/books/std/strings/hex-digit-char-listp.lisp" {10205348A3}>
  → Failed

[768/1503] Processing /home/acl2/books/std/strings/hex-tests.lisp...
  → Failed

[769/1503] Processing /home/acl2/books/std/strings/hex.lisp...
Error reading /home/acl2/books/std/strings/hex.lisp: Package XDOC does not exist.

                                                       Stream: #<SB-SYS:FD-STREAM for "file /home/acl2/books/std/strings/hex.lisp" {1020539173}>
  → Failed

[770/1503] Processing /home/acl2/books/std/strings/hexify.lisp...
  → Failed

[771/1503] Processing /home/acl2/books/std/strings/html-encode.lisp...
Error reading /home/acl2/books/std/strings/html-encode.lisp: Package STD does not exist.

                                                               Stream: #<SB-SYS:FD-STREAM for "file /home/acl2/books/std/strings/html-encode.lisp" {1020552623}>
  → Failed

[772/1503] Processing /home/acl2/books/std/strings/ieqv.lisp...
  → Failed

[773/1503] Processing /home/acl2/books/std/strings/iless.lisp...
  → Failed

[774/1503] Processing /home/acl2/books/std/strings/iprefixp.lisp...
  → Failed

[775/1503] Processing /home/acl2/books/std/strings/isort.lisp...
  → Failed

[776/1503] Processing /home/acl2/books/std/strings/istrpos.lisp...
  → Failed

[777/1503] Processing /home/acl2/books/std/strings/istrprefixp.lisp...
  → Failed

[778/1503] Processing /home/acl2/books/std/strings/isubstrp.lisp...
Error reading /home/acl2/books/std/strings/isubstrp.lisp: Package STR does not exist.

                                                            Stream: #<SB-SYS:FD-STREAM for "file /home/acl2/books/std/strings/isubstrp.lisp" {1020577ED3}>
  → Failed

[779/1503] Processing /home/acl2/books/std/strings/lcletter-chars.lisp...
Error reading /home/acl2/books/std/strings/lcletter-chars.lisp: Package STR does not exist.

                                                                  Stream: #<SB-SYS:FD-STREAM for "file /home/acl2/books/std/strings/lcletter-chars.lisp" {102057C2C3}>
  → Failed

[780/1503] Processing /home/acl2/books/std/strings/lcletter-digit-chars.lisp...
Error reading /home/acl2/books/std/strings/lcletter-digit-chars.lisp: Package STR does not exist.

                                                                        Stream: #<SB-SYS:FD-STREAM for "file /home/acl2/books/std/strings/lcletter-digit-chars.lisp" {102057F4A3}>
  → Failed

[781/1503] Processing /home/acl2/books/std/strings/letter-chars.lisp...
Error reading /home/acl2/books/std/strings/letter-chars.lisp: Package STR does not exist.

                                                                Stream: #<SB-SYS:FD-STREAM for "file /home/acl2/books/std/strings/letter-chars.lisp" {1020582603}>
  → Failed

[782/1503] Processing /home/acl2/books/std/strings/letter-digit-chars.lisp...
Error reading /home/acl2/books/std/strings/letter-digit-chars.lisp: Package STR does not exist.

                                                                      Stream: #<SB-SYS:FD-STREAM for "file /home/acl2/books/std/strings/letter-digit-chars.lisp" {10205857D3}>
  → Failed

[783/1503] Processing /home/acl2/books/std/strings/letter-digit-dash-chars.lisp...
Error reading /home/acl2/books/std/strings/letter-digit-dash-chars.lisp: Package STR does not exist.

                                                                           Stream: #<SB-SYS:FD-STREAM for "file /home/acl2/books/std/strings/letter-digit-dash-chars.lisp" {10205889C3}>
  → Failed

[784/1503] Processing /home/acl2/books/std/strings/letter-digit-uscore-chars.lisp...
Error reading /home/acl2/books/std/strings/letter-digit-uscore-chars.lisp: Package STR does not exist.

                                                                             Stream: #<SB-SYS:FD-STREAM for "file /home/acl2/books/std/strings/letter-digit-uscore-chars.lisp" {102058BBE3}>
  → Failed

[785/1503] Processing /home/acl2/books/std/strings/letter-digit-uscore-dash-chars.lisp...
Error reading /home/acl2/books/std/strings/letter-digit-uscore-dash-chars.lisp: Package STR does not exist.

                                                                                  Stream: #<SB-SYS:FD-STREAM for "file /home/acl2/books/std/strings/letter-digit-uscore-dash-chars.lisp" {102058EE63}>
  → Failed

[786/1503] Processing /home/acl2/books/std/strings/letter-digit-uscore-dollar-chars.lisp...
Error reading /home/acl2/books/std/strings/letter-digit-uscore-dollar-chars.lisp: Package STR does not exist.

                                                                                    Stream: #<SB-SYS:FD-STREAM for "file /home/acl2/books/std/strings/letter-digit-uscore-dollar-chars.lisp" {10205A2103}>
  → Failed

[787/1503] Processing /home/acl2/books/std/strings/letter-uscore-dollar-chars.lisp...
Error reading /home/acl2/books/std/strings/letter-uscore-dollar-chars.lisp: Package STR does not exist.

                                                                              Stream: #<SB-SYS:FD-STREAM for "file /home/acl2/books/std/strings/letter-uscore-dollar-chars.lisp" {10205A5323}>
  → Failed

[788/1503] Processing /home/acl2/books/std/strings/make-character-list.lisp...
  → Failed

[789/1503] Processing /home/acl2/books/std/strings/nondigit-chars.lisp...
Error reading /home/acl2/books/std/strings/nondigit-chars.lisp: Package STR does not exist.

                                                                  Stream: #<SB-SYS:FD-STREAM for "file /home/acl2/books/std/strings/nondigit-chars.lisp" {10205AA3B3}>
  → Failed

[790/1503] Processing /home/acl2/books/std/strings/oct-digit-char-listp.lisp...
Error reading /home/acl2/books/std/strings/oct-digit-char-listp.lisp: Package STD does not exist.

                                                                        Stream: #<SB-SYS:FD-STREAM for "file /home/acl2/books/std/strings/oct-digit-char-listp.lisp" {10205AD593}>
  → Failed

[791/1503] Processing /home/acl2/books/std/strings/octal-tests.lisp...
  → Failed

[792/1503] Processing /home/acl2/books/std/strings/octal.lisp...
Error reading /home/acl2/books/std/strings/octal.lisp: Package XDOC does not exist.

                                                         Stream: #<SB-SYS:FD-STREAM for "file /home/acl2/books/std/strings/octal.lisp" {10205B1F03}>
  → Failed

[793/1503] Processing /home/acl2/books/std/strings/pad.lisp...
  → Failed

[794/1503] Processing /home/acl2/books/std/strings/prefix-lines.lisp...
Error reading /home/acl2/books/std/strings/prefix-lines.lisp: Package STR does not exist.

                                                                Stream: #<SB-SYS:FD-STREAM for "file /home/acl2/books/std/strings/prefix-lines.lisp" {10205BC463}>
  → Failed

[795/1503] Processing /home/acl2/books/std/strings/pretty-defs-aux.lisp...
Error reading /home/acl2/books/std/strings/pretty-defs-aux.lisp: Package STD does not exist.

                                                                   Stream: #<SB-SYS:FD-STREAM for "file /home/acl2/books/std/strings/pretty-defs-aux.lisp" {10205C0B43}>
  → Failed

[796/1503] Processing /home/acl2/books/std/strings/pretty-defs.lisp...
Error reading /home/acl2/books/std/strings/pretty-defs.lisp: Package STD does not exist.

                                                               Stream: #<SB-SYS:FD-STREAM for "file /home/acl2/books/std/strings/pretty-defs.lisp" {10205C3B23}>
  → Failed

[797/1503] Processing /home/acl2/books/std/strings/pretty-program.lisp...
Error reading /home/acl2/books/std/strings/pretty-program.lisp: Package STD does not exist.

                                                                  Stream: #<SB-SYS:FD-STREAM for "file /home/acl2/books/std/strings/pretty-program.lisp" {10205C6CF3}>
  → Failed

[798/1503] Processing /home/acl2/books/std/strings/pretty-tests.lisp...
Error reading /home/acl2/books/std/strings/pretty-tests.lisp: Package SET does not exist.

                                                                Stream: #<SB-SYS:FD-STREAM for "file /home/acl2/books/std/strings/pretty-tests.lisp" {10205CB333}>
  → Failed

[799/1503] Processing /home/acl2/books/std/strings/pretty.lisp...
Error reading /home/acl2/books/std/strings/pretty.lisp: Package XDOC does not exist.

                                                          Stream: #<SB-SYS:FD-STREAM for "file /home/acl2/books/std/strings/pretty.lisp" {10205CEB83}>
  → Failed

[800/1503] Processing /home/acl2/books/std/strings/printable-chars.lisp...
Error reading /home/acl2/books/std/strings/printable-chars.lisp: Package STR does not exist.

                                                                   Stream: #<SB-SYS:FD-STREAM for "file /home/acl2/books/std/strings/printable-chars.lisp" {10205DC033}>
  → Failed

[801/1503] Processing /home/acl2/books/std/strings/printtree-concat.lisp...
  → Failed

[802/1503] Processing /home/acl2/books/std/strings/printtree-fix.lisp...
  → Failed

[803/1503] Processing /home/acl2/books/std/strings/printtree-fty.lisp...
Error reading /home/acl2/books/std/strings/printtree-fty.lisp: Package FTY does not exist.

                                                                 Stream: #<SB-SYS:FD-STREAM for "file /home/acl2/books/std/strings/printtree-fty.lisp" {10205F2053}>
  → Failed

[804/1503] Processing /home/acl2/books/std/strings/printtree.lisp...
  → Failed

[805/1503] Processing /home/acl2/books/std/strings/stringify.lisp...
  → Generated 7 definitions

[806/1503] Processing /home/acl2/books/std/strings/stringless.lisp...
  → Failed

[807/1503] Processing /home/acl2/books/std/strings/strline-tests.lisp...
  → Failed

[808/1503] Processing /home/acl2/books/std/strings/strline.lisp...
  → Failed

[809/1503] Processing /home/acl2/books/std/strings/strnatless.lisp...
  → Failed

[810/1503] Processing /home/acl2/books/std/strings/strpos.lisp...
  → Failed

[811/1503] Processing /home/acl2/books/std/strings/strprefixp.lisp...
  → Failed

[812/1503] Processing /home/acl2/books/std/strings/strrange-equiv.lisp...
  → Failed

[813/1503] Processing /home/acl2/books/std/strings/strrpos.lisp...
  → Failed

[814/1503] Processing /home/acl2/books/std/strings/strsplit-tests.lisp...
  → Failed

[815/1503] Processing /home/acl2/books/std/strings/strsplit.lisp...
  → Failed

[816/1503] Processing /home/acl2/books/std/strings/strsubst-tests.lisp...
  → Failed

[817/1503] Processing /home/acl2/books/std/strings/strsubst.lisp...
  → Failed

[818/1503] Processing /home/acl2/books/std/strings/strtok-bang-tests.lisp...
Error reading /home/acl2/books/std/strings/strtok-bang-tests.lisp: Package STR does not exist.

                                                                     Stream: #<SB-SYS:FD-STREAM for "file /home/acl2/books/std/strings/strtok-bang-tests.lisp" {1020667303}>
  → Failed

[819/1503] Processing /home/acl2/books/std/strings/strtok-bang.lisp...
Error reading /home/acl2/books/std/strings/strtok-bang.lisp: Package XDOC does not exist.

                                                               Stream: #<SB-SYS:FD-STREAM for "file /home/acl2/books/std/strings/strtok-bang.lisp" {102066A393}>
  → Failed

[820/1503] Processing /home/acl2/books/std/strings/strtok-tests.lisp...
  → Failed

[821/1503] Processing /home/acl2/books/std/strings/strtok.lisp...
  → Failed

[822/1503] Processing /home/acl2/books/std/strings/subseq.lisp...
  → Failed

[823/1503] Processing /home/acl2/books/std/strings/substrp.lisp...
  → Failed

[824/1503] Processing /home/acl2/books/std/strings/suffixp-tests.lisp...
  → Failed

[825/1503] Processing /home/acl2/books/std/strings/suffixp.lisp...
  → Failed

[826/1503] Processing /home/acl2/books/std/strings/symbols.lisp...
Error reading /home/acl2/books/std/strings/symbols.lisp: Package STR does not exist.

                                                           Stream: #<SB-SYS:FD-STREAM for "file /home/acl2/books/std/strings/symbols.lisp" {1020679873}>
  → Failed

[827/1503] Processing /home/acl2/books/std/strings/top-doc.lisp...
  → Failed

[828/1503] Processing /home/acl2/books/std/strings/top.lisp...
  → Failed

[829/1503] Processing /home/acl2/books/std/strings/ucletter-chars.lisp...
Error reading /home/acl2/books/std/strings/ucletter-chars.lisp: Package STR does not exist.

                                                                  Stream: #<SB-SYS:FD-STREAM for "file /home/acl2/books/std/strings/ucletter-chars.lisp" {102068A8D3}>
  → Failed

[830/1503] Processing /home/acl2/books/std/strings/ucletter-digit-chars.lisp...
Error reading /home/acl2/books/std/strings/ucletter-digit-chars.lisp: Package STR does not exist.

                                                                        Stream: #<SB-SYS:FD-STREAM for "file /home/acl2/books/std/strings/ucletter-digit-chars.lisp" {102068DAB3}>
  → Failed

[831/1503] Processing /home/acl2/books/std/strings/url-encode-tests.lisp...
  → Failed

[832/1503] Processing /home/acl2/books/std/strings/url-encode.lisp...
Error reading /home/acl2/books/std/strings/url-encode.lisp: Package STD does not exist.

                                                              Stream: #<SB-SYS:FD-STREAM for "file /home/acl2/books/std/strings/url-encode.lisp" {1020692443}>
  → Failed

[833/1503] Processing /home/acl2/books/std/system/acceptable-rewrite-rule-p.lisp...
  → Generated 2 definitions

[834/1503] Processing /home/acl2/books/std/system/add-suffix-lst.lisp...
  → Failed

[835/1503] Processing /home/acl2/books/std/system/add-suffix-to-fn-lst.lisp...
  → Failed

[836/1503] Processing /home/acl2/books/std/system/add-suffix-to-fn-or-const-lst.lisp...
  → Failed

[837/1503] Processing /home/acl2/books/std/system/add-suffix-to-fn-or-const-tests.lisp...
Error reading /home/acl2/books/std/system/add-suffix-to-fn-or-const-tests.lisp: Package STD does not exist.

                                                                                  Stream: #<SB-SYS:FD-STREAM for "file /home/acl2/books/std/system/add-suffix-to-fn-or-const-tests.lisp" {102069F793}>
  → Failed

[838/1503] Processing /home/acl2/books/std/system/add-suffix-to-fn-or-const.lisp...
Error reading /home/acl2/books/std/system/add-suffix-to-fn-or-const.lisp: Package XDOC does not exist.

                                                                            Stream: #<SB-SYS:FD-STREAM for "file /home/acl2/books/std/system/add-suffix-to-fn-or-const.lisp" {10206C3073}>
  → Failed

[839/1503] Processing /home/acl2/books/std/system/all-fnnames.lisp...
Error reading /home/acl2/books/std/system/all-fnnames.lisp: Package XDOC does not exist.

                                                              Stream: #<SB-SYS:FD-STREAM for "file /home/acl2/books/std/system/all-fnnames.lisp" {10206C61B3}>
  → Failed

[840/1503] Processing /home/acl2/books/std/system/all-free-bound-vars-tests.lisp...
  → Failed

[841/1503] Processing /home/acl2/books/std/system/all-free-bound-vars.lisp...
Error reading /home/acl2/books/std/system/all-free-bound-vars.lisp: Package XDOC does not exist.

                                                                      Stream: #<SB-SYS:FD-STREAM for "file /home/acl2/books/std/system/all-free-bound-vars.lisp" {10206CAB73}>
  → Failed

[842/1503] Processing /home/acl2/books/std/system/all-lambdas-tests.lisp...
  → Failed

[843/1503] Processing /home/acl2/books/std/system/all-lambdas.lisp...
  → Failed

[844/1503] Processing /home/acl2/books/std/system/all-non-gv-exec-ffn-symbs-tests.lisp...
  → Failed

[845/1503] Processing /home/acl2/books/std/system/all-non-gv-exec-ffn-symbs.lisp...
Error reading /home/acl2/books/std/system/all-non-gv-exec-ffn-symbs.lisp: Package XDOC does not exist.

                                                                            Stream: #<SB-SYS:FD-STREAM for "file /home/acl2/books/std/system/all-non-gv-exec-ffn-symbs.lisp" {10206D27A3}>
  → Failed

[846/1503] Processing /home/acl2/books/std/system/all-non-gv-ffn-symbs-tests.lisp...
  → Failed

[847/1503] Processing /home/acl2/books/std/system/all-non-gv-ffn-symbs.lisp...
Error reading /home/acl2/books/std/system/all-non-gv-ffn-symbs.lisp: Package XDOC does not exist.

                                                                       Stream: #<SB-SYS:FD-STREAM for "file /home/acl2/books/std/system/all-non-gv-ffn-symbs.lisp" {10206D7253}>
  → Failed

[848/1503] Processing /home/acl2/books/std/system/all-pkg-names-tests.lisp...
Error reading /home/acl2/books/std/system/all-pkg-names-tests.lisp: Package STD does not exist.

                                                                      Stream: #<SB-SYS:FD-STREAM for "file /home/acl2/books/std/system/all-pkg-names-tests.lisp" {10206DA413}>
  → Failed

[849/1503] Processing /home/acl2/books/std/system/all-pkg-names.lisp...
Error reading /home/acl2/books/std/system/all-pkg-names.lisp: Package XDOC does not exist.

                                                                Stream: #<SB-SYS:FD-STREAM for "file /home/acl2/books/std/system/all-pkg-names.lisp" {10206DD553}>
  → Failed

[850/1503] Processing /home/acl2/books/std/system/all-program-ffn-symbs-tests.lisp...
  → Failed

[851/1503] Processing /home/acl2/books/std/system/all-program-ffn-symbs.lisp...
Error reading /home/acl2/books/std/system/all-program-ffn-symbs.lisp: Package XDOC does not exist.

                                                                        Stream: #<SB-SYS:FD-STREAM for "file /home/acl2/books/std/system/all-program-ffn-symbs.lisp" {10206E2173}>
  → Failed

[852/1503] Processing /home/acl2/books/std/system/all-vars-in-untranslated-term.lisp...
Error reading /home/acl2/books/std/system/all-vars-in-untranslated-term.lisp: Package XDOC does not exist.

                                                                                Stream: #<SB-SYS:FD-STREAM for "file /home/acl2/books/std/system/all-vars-in-untranslated-term.lisp" {10206E5413}>
  → Failed

[853/1503] Processing /home/acl2/books/std/system/all-vars-open-tests.lisp...
  → Failed

[854/1503] Processing /home/acl2/books/std/system/all-vars-open.lisp...
Error reading /home/acl2/books/std/system/all-vars-open.lisp: Package XDOC does not exist.

                                                                Stream: #<SB-SYS:FD-STREAM for "file /home/acl2/books/std/system/all-vars-open.lisp" {10206E9D83}>
  → Failed

[855/1503] Processing /home/acl2/books/std/system/all-vars.lisp...
Error reading /home/acl2/books/std/system/all-vars.lisp: Package XDOC does not exist.

                                                           Stream: #<SB-SYS:FD-STREAM for "file /home/acl2/books/std/system/all-vars.lisp" {10206ECF73}>
  → Failed

[856/1503] Processing /home/acl2/books/std/system/apply-fn-into-ifs-tests.lisp...
  → Failed

[857/1503] Processing /home/acl2/books/std/system/apply-fn-into-ifs.lisp...
Error reading /home/acl2/books/std/system/apply-fn-into-ifs.lisp: Package XDOC does not exist.

                                                                    Stream: #<SB-SYS:FD-STREAM for "file /home/acl2/books/std/system/apply-fn-into-ifs.lisp" {10206F1873}>
  → Failed

[858/1503] Processing /home/acl2/books/std/system/apply-term-tests.lisp...
  → Failed

[859/1503] Processing /home/acl2/books/std/system/apply-term.lisp...
Error reading /home/acl2/books/std/system/apply-term.lisp: Package XDOC does not exist.

                                                             Stream: #<SB-SYS:FD-STREAM for "file /home/acl2/books/std/system/apply-term.lisp" {10206F6203}>
  → Failed

[860/1503] Processing /home/acl2/books/std/system/apply-terms-same-args-tests.lisp...
  → Failed

[861/1503] Processing /home/acl2/books/std/system/apply-terms-same-args.lisp...
Error reading /home/acl2/books/std/system/apply-terms-same-args.lisp: Package XDOC does not exist.

                                                                        Stream: #<SB-SYS:FD-STREAM for "file /home/acl2/books/std/system/apply-terms-same-args.lisp" {10206FAC73}>
  → Failed

[862/1503] Processing /home/acl2/books/std/system/apply-unary-to-terms-tests.lisp...
  → Failed

[863/1503] Processing /home/acl2/books/std/system/apply-unary-to-terms.lisp...
  → Failed

[864/1503] Processing /home/acl2/books/std/system/arglistp.lisp...
  → Failed

[865/1503] Processing /home/acl2/books/std/system/arity-plus-tests.lisp...
  → Failed

[866/1503] Processing /home/acl2/books/std/system/arity-plus.lisp...
Error reading /home/acl2/books/std/system/arity-plus.lisp: Package XDOC does not exist.

                                                             Stream: #<SB-SYS:FD-STREAM for "file /home/acl2/books/std/system/arity-plus.lisp" {1020704AD3}>
  → Failed

[867/1503] Processing /home/acl2/books/std/system/arity.lisp...
  → Failed

[868/1503] Processing /home/acl2/books/std/system/check-and-call-tests.lisp...
  → Failed

[869/1503] Processing /home/acl2/books/std/system/check-and-call.lisp...
Error reading /home/acl2/books/std/system/check-and-call.lisp: Package XDOC does not exist.

                                                                 Stream: #<SB-SYS:FD-STREAM for "file /home/acl2/books/std/system/check-and-call.lisp" {102070A9A3}>
  → Failed

[870/1503] Processing /home/acl2/books/std/system/check-fn-call-tests.lisp...
  → Failed

[871/1503] Processing /home/acl2/books/std/system/check-fn-call.lisp...
Error reading /home/acl2/books/std/system/check-fn-call.lisp: Package XDOC does not exist.

                                                                Stream: #<SB-SYS:FD-STREAM for "file /home/acl2/books/std/system/check-fn-call.lisp" {102070F223}>
  → Failed

[872/1503] Processing /home/acl2/books/std/system/check-if-call-tests.lisp...
  → Failed

[873/1503] Processing /home/acl2/books/std/system/check-if-call.lisp...
Error reading /home/acl2/books/std/system/check-if-call.lisp: Package XDOC does not exist.

                                                                Stream: #<SB-SYS:FD-STREAM for "file /home/acl2/books/std/system/check-if-call.lisp" {1020723B23}>
  → Failed

[874/1503] Processing /home/acl2/books/std/system/check-lambda-call-tests.lisp...
  → Failed

[875/1503] Processing /home/acl2/books/std/system/check-lambda-call.lisp...
Error reading /home/acl2/books/std/system/check-lambda-call.lisp: Package XDOC does not exist.

                                                                    Stream: #<SB-SYS:FD-STREAM for "file /home/acl2/books/std/system/check-lambda-call.lisp" {1020728453}>
  → Failed

[876/1503] Processing /home/acl2/books/std/system/check-list-call-tests.lisp...
  → Failed

[877/1503] Processing /home/acl2/books/std/system/check-list-call.lisp...
Error reading /home/acl2/books/std/system/check-list-call.lisp: Package XDOC does not exist.

                                                                  Stream: #<SB-SYS:FD-STREAM for "file /home/acl2/books/std/system/check-list-call.lisp" {102072CD83}>
  → Failed

[878/1503] Processing /home/acl2/books/std/system/check-mbt-call-tests.lisp...
  → Failed

[879/1503] Processing /home/acl2/books/std/system/check-mbt-call.lisp...
Error reading /home/acl2/books/std/system/check-mbt-call.lisp: Package XDOC does not exist.

                                                                 Stream: #<SB-SYS:FD-STREAM for "file /home/acl2/books/std/system/check-mbt-call.lisp" {10207416E3}>
  → Failed

[880/1503] Processing /home/acl2/books/std/system/check-mbt-dollar-call-tests.lisp...
  → Failed

[881/1503] Processing /home/acl2/books/std/system/check-mbt-dollar-call.lisp...
Error reading /home/acl2/books/std/system/check-mbt-dollar-call.lisp: Package XDOC does not exist.

                                                                        Stream: #<SB-SYS:FD-STREAM for "file /home/acl2/books/std/system/check-mbt-dollar-call.lisp" {1020746073}>
  → Failed

[882/1503] Processing /home/acl2/books/std/system/check-mv-let-call-tests.lisp...
  → Generated 1 definitions

[883/1503] Processing /home/acl2/books/std/system/check-mv-let-call.lisp...
Error reading /home/acl2/books/std/system/check-mv-let-call.lisp: Package XDOC does not exist.

                                                                    Stream: #<SB-SYS:FD-STREAM for "file /home/acl2/books/std/system/check-mv-let-call.lisp" {102074C753}>
  → Failed

[884/1503] Processing /home/acl2/books/std/system/check-nary-lambda-call-tests.lisp...
  → Failed

[885/1503] Processing /home/acl2/books/std/system/check-nary-lambda-call.lisp...
Error reading /home/acl2/books/std/system/check-nary-lambda-call.lisp: Package XDOC does not exist.

                                                                         Stream: #<SB-SYS:FD-STREAM for "file /home/acl2/books/std/system/check-nary-lambda-call.lisp" {1020761683}>
  → Failed

[886/1503] Processing /home/acl2/books/std/system/check-not-call-tests.lisp...
  → Failed

[887/1503] Processing /home/acl2/books/std/system/check-not-call.lisp...
Error reading /home/acl2/books/std/system/check-not-call.lisp: Package XDOC does not exist.

                                                                 Stream: #<SB-SYS:FD-STREAM for "file /home/acl2/books/std/system/check-not-call.lisp" {1020765FA3}>
  → Failed

[888/1503] Processing /home/acl2/books/std/system/check-or-call-tests.lisp...
  → Failed

[889/1503] Processing /home/acl2/books/std/system/check-or-call.lisp...
Error reading /home/acl2/books/std/system/check-or-call.lisp: Package XDOC does not exist.

                                                                Stream: #<SB-SYS:FD-STREAM for "file /home/acl2/books/std/system/check-or-call.lisp" {102076A833}>
  → Failed

[890/1503] Processing /home/acl2/books/std/system/check-unary-lambda-call-tests.lisp...
  → Failed

[891/1503] Processing /home/acl2/books/std/system/check-unary-lambda-call.lisp...
Error reading /home/acl2/books/std/system/check-unary-lambda-call.lisp: Package XDOC does not exist.

                                                                          Stream: #<SB-SYS:FD-STREAM for "file /home/acl2/books/std/system/check-unary-lambda-call.lisp" {102076F1D3}>
  → Failed

[892/1503] Processing /home/acl2/books/std/system/check-user-lambda-tests.lisp...
  → Failed

[893/1503] Processing /home/acl2/books/std/system/check-user-lambda.lisp...
Error reading /home/acl2/books/std/system/check-user-lambda.lisp: Package XDOC does not exist.

                                                                    Stream: #<SB-SYS:FD-STREAM for "file /home/acl2/books/std/system/check-user-lambda.lisp" {1020773CB3}>
  → Failed

[894/1503] Processing /home/acl2/books/std/system/check-user-term-tests.lisp...
  → Failed

[895/1503] Processing /home/acl2/books/std/system/check-user-term.lisp...
Error reading /home/acl2/books/std/system/check-user-term.lisp: Package XDOC does not exist.

                                                                  Stream: #<SB-SYS:FD-STREAM for "file /home/acl2/books/std/system/check-user-term.lisp" {1020778693}>
  → Failed

[896/1503] Processing /home/acl2/books/std/system/classes-plus-tests.lisp...
  → Failed

[897/1503] Processing /home/acl2/books/std/system/classes-plus.lisp...
Error reading /home/acl2/books/std/system/classes-plus.lisp: Package XDOC does not exist.

                                                               Stream: #<SB-SYS:FD-STREAM for "file /home/acl2/books/std/system/classes-plus.lisp" {102077D003}>
  → Failed

[898/1503] Processing /home/acl2/books/std/system/classes-tests.lisp...
  → Failed

[899/1503] Processing /home/acl2/books/std/system/classes.lisp...
Error reading /home/acl2/books/std/system/classes.lisp: Package XDOC does not exist.

                                                          Stream: #<SB-SYS:FD-STREAM for "file /home/acl2/books/std/system/classes.lisp" {1020781913}>
  → Failed

[900/1503] Processing /home/acl2/books/std/system/close-lambdas-tests.lisp...
  → Failed

[901/1503] Processing /home/acl2/books/std/system/close-lambdas.lisp...
Error reading /home/acl2/books/std/system/close-lambdas.lisp: Package XDOC does not exist.

                                                                Stream: #<SB-SYS:FD-STREAM for "file /home/acl2/books/std/system/close-lambdas.lisp" {1020786233}>
  → Failed

[902/1503] Processing /home/acl2/books/std/system/conjoin-equalities-tests.lisp...
  → Failed

[903/1503] Processing /home/acl2/books/std/system/conjoin-equalities.lisp...
  → Failed

[904/1503] Processing /home/acl2/books/std/system/conjoin.lisp...
  → Failed

[905/1503] Processing /home/acl2/books/std/system/constant-namep-tests.lisp...
  → Failed

[906/1503] Processing /home/acl2/books/std/system/constant-namep.lisp...
Error reading /home/acl2/books/std/system/constant-namep.lisp: Package XDOC does not exist.

                                                                 Stream: #<SB-SYS:FD-STREAM for "file /home/acl2/books/std/system/constant-namep.lisp" {102078F493}>
  → Failed

[907/1503] Processing /home/acl2/books/std/system/constant-queries.lisp...
  → Failed

[908/1503] Processing /home/acl2/books/std/system/constant-symbolp-tests.lisp...
  → Failed

[909/1503] Processing /home/acl2/books/std/system/constant-symbolp.lisp...
Error reading /home/acl2/books/std/system/constant-symbolp.lisp: Package XDOC does not exist.

                                                                   Stream: #<SB-SYS:FD-STREAM for "file /home/acl2/books/std/system/constant-symbolp.lisp" {1020795523}>
  → Failed

[910/1503] Processing /home/acl2/books/std/system/constant-value-tests.lisp...
  → Failed

[911/1503] Processing /home/acl2/books/std/system/constant-value.lisp...
Error reading /home/acl2/books/std/system/constant-value.lisp: Package XDOC does not exist.

                                                                 Stream: #<SB-SYS:FD-STREAM for "file /home/acl2/books/std/system/constant-value.lisp" {1020799EF3}>
  → Failed

[912/1503] Processing /home/acl2/books/std/system/defchoose-queries-tests.lisp...
  → Failed

[913/1503] Processing /home/acl2/books/std/system/defchoose-queries.lisp...
Error reading /home/acl2/books/std/system/defchoose-queries.lisp: Package XDOC does not exist.

                                                                    Stream: #<SB-SYS:FD-STREAM for "file /home/acl2/books/std/system/defchoose-queries.lisp" {102079E8C3}>
  → Failed

[914/1503] Processing /home/acl2/books/std/system/definedp-plus-tests.lisp...
  → Failed

[915/1503] Processing /home/acl2/books/std/system/definedp-plus.lisp...
Error reading /home/acl2/books/std/system/definedp-plus.lisp: Package XDOC does not exist.

                                                                Stream: #<SB-SYS:FD-STREAM for "file /home/acl2/books/std/system/definedp-plus.lisp" {10207B3393}>
  → Failed

[916/1503] Processing /home/acl2/books/std/system/definedp-tests.lisp...
  → Failed

[917/1503] Processing /home/acl2/books/std/system/definedp.lisp...
Error reading /home/acl2/books/std/system/definedp.lisp: Package XDOC does not exist.

                                                           Stream: #<SB-SYS:FD-STREAM for "file /home/acl2/books/std/system/definedp.lisp" {10207B7B73}>
  → Failed

[918/1503] Processing /home/acl2/books/std/system/defun-sk-queries-tests.lisp...
  → Failed

[919/1503] Processing /home/acl2/books/std/system/defun-sk-queries.lisp...
Error reading /home/acl2/books/std/system/defun-sk-queries.lisp: Package XDOC does not exist.

                                                                   Stream: #<SB-SYS:FD-STREAM for "file /home/acl2/books/std/system/defun-sk-queries.lisp" {10207BC5E3}>
  → Failed

[920/1503] Processing /home/acl2/books/std/system/dumb-negate-lit.lisp...
  → Failed

[921/1503] Processing /home/acl2/books/std/system/dumb-occur-var-open-tests.lisp...
  → Failed

[922/1503] Processing /home/acl2/books/std/system/dumb-occur-var-open.lisp...
Error reading /home/acl2/books/std/system/dumb-occur-var-open.lisp: Package XDOC does not exist.

                                                                      Stream: #<SB-SYS:FD-STREAM for "file /home/acl2/books/std/system/dumb-occur-var-open.lisp" {10207E2DA3}>
  → Failed

[923/1503] Processing /home/acl2/books/std/system/enhanced-utilities.lisp...
Error reading /home/acl2/books/std/system/enhanced-utilities.lisp: Package XDOC does not exist.

                                                                     Stream: #<SB-SYS:FD-STREAM for "file /home/acl2/books/std/system/enhanced-utilities.lisp" {10207E6073}>
  → Failed

[924/1503] Processing /home/acl2/books/std/system/event-landmark-names-tests.lisp...
  → Failed

[925/1503] Processing /home/acl2/books/std/system/event-landmark-names.lisp...
Error reading /home/acl2/books/std/system/event-landmark-names.lisp: Package XDOC does not exist.

                                                                       Stream: #<SB-SYS:FD-STREAM for "file /home/acl2/books/std/system/event-landmark-names.lisp" {10207EAA33}>
  → Failed

[926/1503] Processing /home/acl2/books/std/system/event-name-queries.lisp...
  → Failed

[927/1503] Processing /home/acl2/books/std/system/fapply-term-tests.lisp...
  → Failed

[928/1503] Processing /home/acl2/books/std/system/fapply-term.lisp...
Error reading /home/acl2/books/std/system/fapply-term.lisp: Package XDOC does not exist.

                                                              Stream: #<SB-SYS:FD-STREAM for "file /home/acl2/books/std/system/fapply-term.lisp" {10207F1573}>
  → Failed

[929/1503] Processing /home/acl2/books/std/system/fapply-terms-same-args-tests.lisp...
  → Failed

[930/1503] Processing /home/acl2/books/std/system/fapply-terms-same-args.lisp...
Error reading /home/acl2/books/std/system/fapply-terms-same-args.lisp: Package XDOC does not exist.

                                                                         Stream: #<SB-SYS:FD-STREAM for "file /home/acl2/books/std/system/fapply-terms-same-args.lisp" {10207F5F83}>
  → Failed

[931/1503] Processing /home/acl2/books/std/system/fapply-unary-to-terms-tests.lisp...
  → Failed

[932/1503] Processing /home/acl2/books/std/system/fapply-unary-to-terms.lisp...
Error reading /home/acl2/books/std/system/fapply-unary-to-terms.lisp: Package XDOC does not exist.

                                                                        Stream: #<SB-SYS:FD-STREAM for "file /home/acl2/books/std/system/fapply-unary-to-terms.lisp" {10207FAA23}>
  → Failed

[933/1503] Processing /home/acl2/books/std/system/flatten-ands-in-lit.lisp...
Error reading /home/acl2/books/std/system/flatten-ands-in-lit.lisp: Package XDOC does not exist.

                                                                      Stream: #<SB-SYS:FD-STREAM for "file /home/acl2/books/std/system/flatten-ands-in-lit.lisp" {10207FDC93}>
  → Failed

[934/1503] Processing /home/acl2/books/std/system/formals-plus-tests.lisp...
  → Failed

[935/1503] Processing /home/acl2/books/std/system/formals-plus.lisp...
Error reading /home/acl2/books/std/system/formals-plus.lisp: Package XDOC does not exist.

                                                               Stream: #<SB-SYS:FD-STREAM for "file /home/acl2/books/std/system/formals-plus.lisp" {1020802593}>
  → Failed

[936/1503] Processing /home/acl2/books/std/system/fresh-logical-name-with-dollars-suffix-tests.lisp...
Error reading /home/acl2/books/std/system/fresh-logical-name-with-dollars-suffix-tests.lisp: Lock
                                                                                             on
                                                                                             package
                                                                                             COMMON-LISP
                                                                                             violated
                                                                                             when
                                                                                             interning TH
                                                                                             while
                                                                                             in
                                                                                             package
                                                                                             ACL2.
See also:
  The SBCL Manual, Node "Package Locks"
  The ANSI Standard, Section 11.1.2.1.2
  → Failed

[937/1503] Processing /home/acl2/books/std/system/fresh-logical-name-with-dollars-suffix.lisp...
Error reading /home/acl2/books/std/system/fresh-logical-name-with-dollars-suffix.lisp: Package XDOC does not exist.

                                                                                         Stream: #<SB-SYS:FD-STREAM for "file /home/acl2/books/std/system/fresh-logical-name-with-dollars-suffix.lisp" {1020809FD3}>
  → Failed

[938/1503] Processing /home/acl2/books/std/system/fresh-namep.lisp...
Error reading /home/acl2/books/std/system/fresh-namep.lisp: Package XDOC does not exist.

                                                              Stream: #<SB-SYS:FD-STREAM for "file /home/acl2/books/std/system/fresh-namep.lisp" {102080D703}>
  → Failed

[939/1503] Processing /home/acl2/books/std/system/fsubcor-var.lisp...
  → Failed

[940/1503] Processing /home/acl2/books/std/system/fsublis-fn-tests.lisp...
  → Failed

[941/1503] Processing /home/acl2/books/std/system/fsublis-fn.lisp...
Error reading /home/acl2/books/std/system/fsublis-fn.lisp: Package XDOC does not exist.

                                                             Stream: #<SB-SYS:FD-STREAM for "file /home/acl2/books/std/system/fsublis-fn.lisp" {10208238F3}>
  → Failed

[942/1503] Processing /home/acl2/books/std/system/fsublis-var-more-theorems.lisp...
  → Failed

[943/1503] Processing /home/acl2/books/std/system/fsublis-var-tests.lisp...
  → Failed

[944/1503] Processing /home/acl2/books/std/system/fsublis-var.lisp...
Error reading /home/acl2/books/std/system/fsublis-var.lisp: Package XDOC does not exist.

                                                              Stream: #<SB-SYS:FD-STREAM for "file /home/acl2/books/std/system/fsublis-var.lisp" {1020829A13}>
  → Failed

[945/1503] Processing /home/acl2/books/std/system/function-name-listp-tests.lisp...
  → Failed

[946/1503] Processing /home/acl2/books/std/system/function-name-listp.lisp...
Error reading /home/acl2/books/std/system/function-name-listp.lisp: Package XDOC does not exist.

                                                                      Stream: #<SB-SYS:FD-STREAM for "file /home/acl2/books/std/system/function-name-listp.lisp" {102082E453}>
  → Failed

[947/1503] Processing /home/acl2/books/std/system/function-namep-tests.lisp...
  → Failed

[948/1503] Processing /home/acl2/books/std/system/function-namep.lisp...
Error reading /home/acl2/books/std/system/function-namep.lisp: Package XDOC does not exist.

                                                                 Stream: #<SB-SYS:FD-STREAM for "file /home/acl2/books/std/system/function-namep.lisp" {1020842E13}>
  → Failed

[949/1503] Processing /home/acl2/books/std/system/function-queries.lisp...
Error reading /home/acl2/books/std/system/function-queries.lisp: Package XDOC does not exist.

                                                                   Stream: #<SB-SYS:FD-STREAM for "file /home/acl2/books/std/system/function-queries.lisp" {1020845FB3}>
  → Failed

[950/1503] Processing /home/acl2/books/std/system/function-symbol-listp-tests.lisp...
  → Failed

[951/1503] Processing /home/acl2/books/std/system/function-symbol-listp.lisp...
Error reading /home/acl2/books/std/system/function-symbol-listp.lisp: Package STD does not exist.

                                                                        Stream: #<SB-SYS:FD-STREAM for "file /home/acl2/books/std/system/function-symbol-listp.lisp" {102084B883}>
  → Failed

[952/1503] Processing /home/acl2/books/std/system/function-symbolp.lisp...
  → Failed

[953/1503] Processing /home/acl2/books/std/system/fundef-disabledp-tests.lisp...
  → Failed

[954/1503] Processing /home/acl2/books/std/system/fundef-disabledp.lisp...
  → Failed

[955/1503] Processing /home/acl2/books/std/system/fundef-enabledp-tests.lisp...
  → Failed

[956/1503] Processing /home/acl2/books/std/system/fundef-enabledp.lisp...
  → Failed

[957/1503] Processing /home/acl2/books/std/system/genvar-dollar-tests.lisp...
  → Failed

[958/1503] Processing /home/acl2/books/std/system/genvar-dollar.lisp...
Error reading /home/acl2/books/std/system/genvar-dollar.lisp: Package XDOC does not exist.

                                                                Stream: #<SB-SYS:FD-STREAM for "file /home/acl2/books/std/system/genvar-dollar.lisp" {10208578A3}>
  → Failed

[959/1503] Processing /home/acl2/books/std/system/get-measure-plus-tests.lisp...
  → Failed

[960/1503] Processing /home/acl2/books/std/system/get-measure-plus.lisp...
Error reading /home/acl2/books/std/system/get-measure-plus.lisp: Package XDOC does not exist.

                                                                   Stream: #<SB-SYS:FD-STREAM for "file /home/acl2/books/std/system/get-measure-plus.lisp" {102085C2C3}>
  → Failed

[961/1503] Processing /home/acl2/books/std/system/get-measure-tests.lisp...
  → Failed

[962/1503] Processing /home/acl2/books/std/system/get-measure.lisp...
Error reading /home/acl2/books/std/system/get-measure.lisp: Package XDOC does not exist.

                                                              Stream: #<SB-SYS:FD-STREAM for "file /home/acl2/books/std/system/get-measure.lisp" {1020860B63}>
  → Failed

[963/1503] Processing /home/acl2/books/std/system/get-ruler-extenders-plus-tests.lisp...
  → Failed

[964/1503] Processing /home/acl2/books/std/system/get-ruler-extenders-plus.lisp...
Error reading /home/acl2/books/std/system/get-ruler-extenders-plus.lisp: Package XDOC does not exist.

                                                                           Stream: #<SB-SYS:FD-STREAM for "file /home/acl2/books/std/system/get-ruler-extenders-plus.lisp" {1020865673}>
  → Failed

[965/1503] Processing /home/acl2/books/std/system/get-ruler-extenders-tests.lisp...
  → Failed

[966/1503] Processing /home/acl2/books/std/system/get-ruler-extenders.lisp...
Error reading /home/acl2/books/std/system/get-ruler-extenders.lisp: Package XDOC does not exist.

                                                                      Stream: #<SB-SYS:FD-STREAM for "file /home/acl2/books/std/system/get-ruler-extenders.lisp" {1020869FF3}>
  → Failed

[967/1503] Processing /home/acl2/books/std/system/get-well-founded-relation-plus-tests.lisp...
  → Failed

[968/1503] Processing /home/acl2/books/std/system/get-well-founded-relation-plus.lisp...
Error reading /home/acl2/books/std/system/get-well-founded-relation-plus.lisp: Package XDOC does not exist.

                                                                                 Stream: #<SB-SYS:FD-STREAM for "file /home/acl2/books/std/system/get-well-founded-relation-plus.lisp" {102086EC33}>
  → Failed

[969/1503] Processing /home/acl2/books/std/system/get-well-founded-relation-tests.lisp...
  → Failed

[970/1503] Processing /home/acl2/books/std/system/get-well-founded-relation.lisp...
Error reading /home/acl2/books/std/system/get-well-founded-relation.lisp: Package XDOC does not exist.

                                                                            Stream: #<SB-SYS:FD-STREAM for "file /home/acl2/books/std/system/get-well-founded-relation.lisp" {1020873773}>
  → Failed

[971/1503] Processing /home/acl2/books/std/system/getprops.lisp...
  → Failed

[972/1503] Processing /home/acl2/books/std/system/guard-theorem-no-simplify-dollar-tests.lisp...
  → Failed

[973/1503] Processing /home/acl2/books/std/system/guard-theorem-no-simplify-dollar.lisp...
Error reading /home/acl2/books/std/system/guard-theorem-no-simplify-dollar.lisp: Package XDOC does not exist.

                                                                                   Stream: #<SB-SYS:FD-STREAM for "file /home/acl2/books/std/system/guard-theorem-no-simplify-dollar.lisp" {1020879AF3}>
  → Failed

[974/1503] Processing /home/acl2/books/std/system/guard-theorem-no-simplify-tests.lisp...
  → Failed

[975/1503] Processing /home/acl2/books/std/system/guard-theorem-no-simplify.lisp...
Error reading /home/acl2/books/std/system/guard-theorem-no-simplify.lisp: Package XDOC does not exist.

                                                                            Stream: #<SB-SYS:FD-STREAM for "file /home/acl2/books/std/system/guard-theorem-no-simplify.lisp" {102087E663}>
  → Failed

[976/1503] Processing /home/acl2/books/std/system/guard-verified-exec-fnsp-tests.lisp...
  → Failed

[977/1503] Processing /home/acl2/books/std/system/guard-verified-exec-fnsp.lisp...
Error reading /home/acl2/books/std/system/guard-verified-exec-fnsp.lisp: Package XDOC does not exist.

                                                                           Stream: #<SB-SYS:FD-STREAM for "file /home/acl2/books/std/system/guard-verified-exec-fnsp.lisp" {10208932C3}>
  → Failed

[978/1503] Processing /home/acl2/books/std/system/guard-verified-fnsp-tests.lisp...
  → Failed

[979/1503] Processing /home/acl2/books/std/system/guard-verified-fnsp.lisp...
Error reading /home/acl2/books/std/system/guard-verified-fnsp.lisp: Package XDOC does not exist.

                                                                      Stream: #<SB-SYS:FD-STREAM for "file /home/acl2/books/std/system/guard-verified-fnsp.lisp" {1020897D53}>
  → Failed

[980/1503] Processing /home/acl2/books/std/system/guard-verified-p-plus-tests.lisp...
  → Failed

[981/1503] Processing /home/acl2/books/std/system/guard-verified-p-plus.lisp...
Error reading /home/acl2/books/std/system/guard-verified-p-plus.lisp: Package XDOC does not exist.

                                                                        Stream: #<SB-SYS:FD-STREAM for "file /home/acl2/books/std/system/guard-verified-p-plus.lisp" {102089C783}>
  → Failed

[982/1503] Processing /home/acl2/books/std/system/guard-verified-p-tests.lisp...
  → Failed

[983/1503] Processing /home/acl2/books/std/system/guard-verified-p.lisp...
Error reading /home/acl2/books/std/system/guard-verified-p.lisp: Package XDOC does not exist.

                                                                   Stream: #<SB-SYS:FD-STREAM for "file /home/acl2/books/std/system/guard-verified-p.lisp" {10208A1683}>
  → Failed

[984/1503] Processing /home/acl2/books/std/system/ibody-tests.lisp...
  → Failed

[985/1503] Processing /home/acl2/books/std/system/ibody.lisp...
Error reading /home/acl2/books/std/system/ibody.lisp: Package XDOC does not exist.

                                                        Stream: #<SB-SYS:FD-STREAM for "file /home/acl2/books/std/system/ibody.lisp" {10208A5F03}>
  → Failed

[986/1503] Processing /home/acl2/books/std/system/if-tree-leaf-terms-tests.lisp...
  → Failed

[987/1503] Processing /home/acl2/books/std/system/if-tree-leaf-terms.lisp...
Error reading /home/acl2/books/std/system/if-tree-leaf-terms.lisp: Package XDOC does not exist.

                                                                     Stream: #<SB-SYS:FD-STREAM for "file /home/acl2/books/std/system/if-tree-leaf-terms.lisp" {10208AA8C3}>
  → Failed

[988/1503] Processing /home/acl2/books/std/system/included-books-tests.lisp...
  → Failed

[989/1503] Processing /home/acl2/books/std/system/included-books.lisp...
  → Failed

[990/1503] Processing /home/acl2/books/std/system/induction-machine-plus-tests.lisp...
  → Failed

[991/1503] Processing /home/acl2/books/std/system/induction-machine-plus.lisp...
Error reading /home/acl2/books/std/system/induction-machine-plus.lisp: Package XDOC does not exist.

                                                                         Stream: #<SB-SYS:FD-STREAM for "file /home/acl2/books/std/system/induction-machine-plus.lisp" {10208B24E3}>
  → Failed

[992/1503] Processing /home/acl2/books/std/system/induction-machine-tests.lisp...
  → Failed

[993/1503] Processing /home/acl2/books/std/system/induction-machine.lisp...
Error reading /home/acl2/books/std/system/induction-machine.lisp: Package XDOC does not exist.

                                                                    Stream: #<SB-SYS:FD-STREAM for "file /home/acl2/books/std/system/induction-machine.lisp" {10208B6FE3}>
  → Failed

[994/1503] Processing /home/acl2/books/std/system/install-not-normalized-dollar.lisp...
  → Generated 1 definitions

[995/1503] Processing /home/acl2/books/std/system/install-not-normalized-event-tests.lisp...
  → Failed

[996/1503] Processing /home/acl2/books/std/system/install-not-normalized-event.lisp...
Error reading /home/acl2/books/std/system/install-not-normalized-event.lisp: Package XDOC does not exist.

                                                                               Stream: #<SB-SYS:FD-STREAM for "file /home/acl2/books/std/system/install-not-normalized-event.lisp" {10208D0283}>
  → Failed

[997/1503] Processing /home/acl2/books/std/system/invariant-risk.lisp...
  → Generated 6 definitions

[998/1503] Processing /home/acl2/books/std/system/irecursivep-plus-tests.lisp...
  → Failed

[999/1503] Processing /home/acl2/books/std/system/irecursivep-plus.lisp...
Error reading /home/acl2/books/std/system/irecursivep-plus.lisp: Package XDOC does not exist.

                                                                   Stream: #<SB-SYS:FD-STREAM for "file /home/acl2/books/std/system/irecursivep-plus.lisp" {10208DF983}>
  → Failed

[1000/1503] Processing /home/acl2/books/std/system/irecursivep-tests.lisp...
  → Failed

[1001/1503] Processing /home/acl2/books/std/system/irecursivep.lisp...
Error reading /home/acl2/books/std/system/irecursivep.lisp: Package XDOC does not exist.

                                                              Stream: #<SB-SYS:FD-STREAM for "file /home/acl2/books/std/system/irecursivep.lisp" {10208F4733}>
  → Failed

[1002/1503] Processing /home/acl2/books/std/system/irrelevant-formals-book.lisp...
  → Failed

[1003/1503] Processing /home/acl2/books/std/system/irrelevant-formals.lisp...
  → Generated 8 definitions

[1004/1503] Processing /home/acl2/books/std/system/known-packages-plus-tests.lisp...
  → Failed

[1005/1503] Processing /home/acl2/books/std/system/known-packages-plus.lisp...
Error reading /home/acl2/books/std/system/known-packages-plus.lisp: Package XDOC does not exist.

                                                                      Stream: #<SB-SYS:FD-STREAM for "file /home/acl2/books/std/system/known-packages-plus.lisp" {102099F6A3}>
  → Failed

[1006/1503] Processing /home/acl2/books/std/system/known-packages-tests.lisp...
  → Failed

[1007/1503] Processing /home/acl2/books/std/system/known-packages.lisp...
Error reading /home/acl2/books/std/system/known-packages.lisp: Package XDOC does not exist.

                                                                 Stream: #<SB-SYS:FD-STREAM for "file /home/acl2/books/std/system/known-packages.lisp" {10209A3F23}>
  → Failed

[1008/1503] Processing /home/acl2/books/std/system/lambda-closedp-tests.lisp...
  → Failed

[1009/1503] Processing /home/acl2/books/std/system/lambda-closedp.lisp...
  → Failed

[1010/1503] Processing /home/acl2/books/std/system/lambda-guard-verified-exec-fnsp-tests.lisp...
  → Failed

[1011/1503] Processing /home/acl2/books/std/system/lambda-guard-verified-exec-fnsp.lisp...
Error reading /home/acl2/books/std/system/lambda-guard-verified-exec-fnsp.lisp: Package XDOC does not exist.

                                                                                  Stream: #<SB-SYS:FD-STREAM for "file /home/acl2/books/std/system/lambda-guard-verified-exec-fnsp.lisp" {10209ABB03}>
  → Failed

[1012/1503] Processing /home/acl2/books/std/system/lambda-guard-verified-fnsp-tests.lisp...
  → Failed

[1013/1503] Processing /home/acl2/books/std/system/lambda-guard-verified-fnsp.lisp...
Error reading /home/acl2/books/std/system/lambda-guard-verified-fnsp.lisp: Package XDOC does not exist.

                                                                             Stream: #<SB-SYS:FD-STREAM for "file /home/acl2/books/std/system/lambda-guard-verified-fnsp.lisp" {10209B0753}>
  → Failed

[1014/1503] Processing /home/acl2/books/std/system/lambda-listp-tests.lisp...
  → Failed

[1015/1503] Processing /home/acl2/books/std/system/lambda-listp.lisp...
Error reading /home/acl2/books/std/system/lambda-listp.lisp: Package STD does not exist.

                                                               Stream: #<SB-SYS:FD-STREAM for "file /home/acl2/books/std/system/lambda-listp.lisp" {10209B5083}>
  → Failed

[1016/1503] Processing /home/acl2/books/std/system/lambda-logic-fnsp-tests.lisp...
  → Failed

[1017/1503] Processing /home/acl2/books/std/system/lambda-logic-fnsp.lisp...
Error reading /home/acl2/books/std/system/lambda-logic-fnsp.lisp: Package XDOC does not exist.

                                                                    Stream: #<SB-SYS:FD-STREAM for "file /home/acl2/books/std/system/lambda-logic-fnsp.lisp" {10209B9943}>
  → Failed

[1018/1503] Processing /home/acl2/books/std/system/lambdap-tests.lisp...
  → Failed

[1019/1503] Processing /home/acl2/books/std/system/lambdap.lisp...
Error reading /home/acl2/books/std/system/lambdap.lisp: Package XDOC does not exist.

                                                          Stream: #<SB-SYS:FD-STREAM for "file /home/acl2/books/std/system/lambdap.lisp" {10209BE153}>
  → Failed

[1020/1503] Processing /home/acl2/books/std/system/logic-function-namep-tests.lisp...
  → Failed

[1021/1503] Processing /home/acl2/books/std/system/logic-function-namep.lisp...
Error reading /home/acl2/books/std/system/logic-function-namep.lisp: Package XDOC does not exist.

                                                                       Stream: #<SB-SYS:FD-STREAM for "file /home/acl2/books/std/system/logic-function-namep.lisp" {10209D2D13}>
  → Failed

[1022/1503] Processing /home/acl2/books/std/system/logical-name-listp-tests.lisp...
  → Failed

[1023/1503] Processing /home/acl2/books/std/system/logical-name-listp.lisp...
Error reading /home/acl2/books/std/system/logical-name-listp.lisp: Package XDOC does not exist.

                                                                     Stream: #<SB-SYS:FD-STREAM for "file /home/acl2/books/std/system/logical-name-listp.lisp" {10209D7653}>
  → Failed

[1024/1503] Processing /home/acl2/books/std/system/macro-args-plus-tests.lisp...
  → Failed

[1025/1503] Processing /home/acl2/books/std/system/macro-args-plus.lisp...
Error reading /home/acl2/books/std/system/macro-args-plus.lisp: Package XDOC does not exist.

                                                                  Stream: #<SB-SYS:FD-STREAM for "file /home/acl2/books/std/system/macro-args-plus.lisp" {10209DBFF3}>
  → Failed

[1026/1503] Processing /home/acl2/books/std/system/macro-keyword-args-plus-tests.lisp...
  → Failed

[1027/1503] Processing /home/acl2/books/std/system/macro-keyword-args-plus.lisp...
Error reading /home/acl2/books/std/system/macro-keyword-args-plus.lisp: Package XDOC does not exist.

                                                                          Stream: #<SB-SYS:FD-STREAM for "file /home/acl2/books/std/system/macro-keyword-args-plus.lisp" {10209E0B03}>
  → Failed

[1028/1503] Processing /home/acl2/books/std/system/macro-keyword-args-tests.lisp...
  → Failed

[1029/1503] Processing /home/acl2/books/std/system/macro-keyword-args.lisp...
Error reading /home/acl2/books/std/system/macro-keyword-args.lisp: Package XDOC does not exist.

                                                                     Stream: #<SB-SYS:FD-STREAM for "file /home/acl2/books/std/system/macro-keyword-args.lisp" {10209E55C3}>
  → Failed

[1030/1503] Processing /home/acl2/books/std/system/macro-name-listp-tests.lisp...
  → Failed

[1031/1503] Processing /home/acl2/books/std/system/macro-name-listp.lisp...
Error reading /home/acl2/books/std/system/macro-name-listp.lisp: Package XDOC does not exist.

                                                                   Stream: #<SB-SYS:FD-STREAM for "file /home/acl2/books/std/system/macro-name-listp.lisp" {10209EA0B3}>
  → Failed

[1032/1503] Processing /home/acl2/books/std/system/macro-namep-tests.lisp...
  → Failed

[1033/1503] Processing /home/acl2/books/std/system/macro-namep.lisp...
Error reading /home/acl2/books/std/system/macro-namep.lisp: Package XDOC does not exist.

                                                              Stream: #<SB-SYS:FD-STREAM for "file /home/acl2/books/std/system/macro-namep.lisp" {10209EE9E3}>
  → Failed

[1034/1503] Processing /home/acl2/books/std/system/macro-queries.lisp...
Error reading /home/acl2/books/std/system/macro-queries.lisp: Package XDOC does not exist.

                                                                Stream: #<SB-SYS:FD-STREAM for "file /home/acl2/books/std/system/macro-queries.lisp" {1020A01BC3}>
  → Failed

[1035/1503] Processing /home/acl2/books/std/system/macro-required-args-plus-tests.lisp...
  → Failed

[1036/1503] Processing /home/acl2/books/std/system/macro-required-args-plus.lisp...
Error reading /home/acl2/books/std/system/macro-required-args-plus.lisp: Package XDOC does not exist.

                                                                           Stream: #<SB-SYS:FD-STREAM for "file /home/acl2/books/std/system/macro-required-args-plus.lisp" {1020A06863}>
  → Failed

[1037/1503] Processing /home/acl2/books/std/system/macro-required-args-tests.lisp...
  → Failed

[1038/1503] Processing /home/acl2/books/std/system/macro-required-args.lisp...
Error reading /home/acl2/books/std/system/macro-required-args.lisp: Package XDOC does not exist.

                                                                      Stream: #<SB-SYS:FD-STREAM for "file /home/acl2/books/std/system/macro-required-args.lisp" {1020A0B323}>
  → Failed

[1039/1503] Processing /home/acl2/books/std/system/macro-symbol-listp-tests.lisp...
  → Failed

[1040/1503] Processing /home/acl2/books/std/system/macro-symbol-listp.lisp...
Error reading /home/acl2/books/std/system/macro-symbol-listp.lisp: Package STD does not exist.

                                                                     Stream: #<SB-SYS:FD-STREAM for "file /home/acl2/books/std/system/macro-symbol-listp.lisp" {1020A0FDB3}>
  → Failed

[1041/1503] Processing /home/acl2/books/std/system/macro-symbolp-tests.lisp...
  → Failed

[1042/1503] Processing /home/acl2/books/std/system/macro-symbolp.lisp...
Error reading /home/acl2/books/std/system/macro-symbolp.lisp: Package XDOC does not exist.

                                                                Stream: #<SB-SYS:FD-STREAM for "file /home/acl2/books/std/system/macro-symbolp.lisp" {1020A14733}>
  → Failed

[1043/1503] Processing /home/acl2/books/std/system/make-mv-let-call-tests.lisp...
  → Failed

[1044/1503] Processing /home/acl2/books/std/system/make-mv-let-call.lisp...
Error reading /home/acl2/books/std/system/make-mv-let-call.lisp: Package XDOC does not exist.

                                                                   Stream: #<SB-SYS:FD-STREAM for "file /home/acl2/books/std/system/make-mv-let-call.lisp" {1020A190E3}>
  → Failed

[1045/1503] Processing /home/acl2/books/std/system/make-mv-nth-calls-tests.lisp...
  → Failed

[1046/1503] Processing /home/acl2/books/std/system/make-mv-nth-calls.lisp...
  → Failed

[1047/1503] Processing /home/acl2/books/std/system/maybe-pseudo-event-formp-tests.lisp...
  → Failed

[1048/1503] Processing /home/acl2/books/std/system/maybe-pseudo-event-formp.lisp...
  → Failed

[1049/1503] Processing /home/acl2/books/std/system/measured-subset-plus-tests.lisp...
  → Failed

[1050/1503] Processing /home/acl2/books/std/system/measured-subset-plus.lisp...
Error reading /home/acl2/books/std/system/measured-subset-plus.lisp: Package XDOC does not exist.

                                                                       Stream: #<SB-SYS:FD-STREAM for "file /home/acl2/books/std/system/measured-subset-plus.lisp" {1020A23C13}>
  → Failed

[1051/1503] Processing /home/acl2/books/std/system/measured-subset-tests.lisp...
  → Failed

[1052/1503] Processing /home/acl2/books/std/system/measured-subset.lisp...
Error reading /home/acl2/books/std/system/measured-subset.lisp: Package XDOC does not exist.

                                                                  Stream: #<SB-SYS:FD-STREAM for "file /home/acl2/books/std/system/measured-subset.lisp" {1020A28523}>
  → Failed

[1053/1503] Processing /home/acl2/books/std/system/mvify-tests.lisp...
  → Failed

[1054/1503] Processing /home/acl2/books/std/system/mvify.lisp...
Error reading /home/acl2/books/std/system/mvify.lisp: Package XDOC does not exist.

                                                        Stream: #<SB-SYS:FD-STREAM for "file /home/acl2/books/std/system/mvify.lisp" {1020A2D2F3}>
  → Failed

[1055/1503] Processing /home/acl2/books/std/system/no-stobjs-p-plus-tests.lisp...
  → Failed

[1056/1503] Processing /home/acl2/books/std/system/no-stobjs-p-plus.lisp...
Error reading /home/acl2/books/std/system/no-stobjs-p-plus.lisp: Package XDOC does not exist.

                                                                   Stream: #<SB-SYS:FD-STREAM for "file /home/acl2/books/std/system/no-stobjs-p-plus.lisp" {1020A41CF3}>
  → Failed

[1057/1503] Processing /home/acl2/books/std/system/no-stobjs-p-tests.lisp...
  → Failed

[1058/1503] Processing /home/acl2/books/std/system/no-stobjs-p.lisp...
Error reading /home/acl2/books/std/system/no-stobjs-p.lisp: Package XDOC does not exist.

                                                              Stream: #<SB-SYS:FD-STREAM for "file /home/acl2/books/std/system/no-stobjs-p.lisp" {1020A465C3}>
  → Failed

[1059/1503] Processing /home/acl2/books/std/system/non-executablep-plus-tests.lisp...
  → Failed

[1060/1503] Processing /home/acl2/books/std/system/non-executablep-plus.lisp...
Error reading /home/acl2/books/std/system/non-executablep-plus.lisp: Package XDOC does not exist.

                                                                       Stream: #<SB-SYS:FD-STREAM for "file /home/acl2/books/std/system/non-executablep-plus.lisp" {1020A4B013}>
  → Failed

[1061/1503] Processing /home/acl2/books/std/system/non-executablep-tests.lisp...
  → Failed

[1062/1503] Processing /home/acl2/books/std/system/non-executablep.lisp...
Error reading /home/acl2/books/std/system/non-executablep.lisp: Package XDOC does not exist.

                                                                  Stream: #<SB-SYS:FD-STREAM for "file /home/acl2/books/std/system/non-executablep.lisp" {1020A4F923}>
  → Failed

[1063/1503] Processing /home/acl2/books/std/system/non-parallel-book.lisp...
  → Failed

[1064/1503] Processing /home/acl2/books/std/system/number-of-results-plus-tests.lisp...
  → Failed

[1065/1503] Processing /home/acl2/books/std/system/number-of-results-plus.lisp...
Error reading /home/acl2/books/std/system/number-of-results-plus.lisp: Package XDOC does not exist.

                                                                         Stream: #<SB-SYS:FD-STREAM for "file /home/acl2/books/std/system/number-of-results-plus.lisp" {1020A57653}>
  → Failed

[1066/1503] Processing /home/acl2/books/std/system/number-of-results-tests.lisp...
  → Failed

[1067/1503] Processing /home/acl2/books/std/system/number-of-results.lisp...
Error reading /home/acl2/books/std/system/number-of-results.lisp: Package XDOC does not exist.

                                                                    Stream: #<SB-SYS:FD-STREAM for "file /home/acl2/books/std/system/number-of-results.lisp" {1020A5BFC3}>
  → Failed

[1068/1503] Processing /home/acl2/books/std/system/one-way-unify-dollar-tests.lisp...
  → Failed

[1069/1503] Processing /home/acl2/books/std/system/one-way-unify-dollar.lisp...
Error reading /home/acl2/books/std/system/one-way-unify-dollar.lisp: Package XDOC does not exist.

                                                                       Stream: #<SB-SYS:FD-STREAM for "file /home/acl2/books/std/system/one-way-unify-dollar.lisp" {1020A60A03}>
  → Failed

[1070/1503] Processing /home/acl2/books/std/system/partition-rest-and-keyword-args.lisp...
  → Failed

[1071/1503] Processing /home/acl2/books/std/system/plist-worldp-with-formals.lisp...
  → Failed

[1072/1503] Processing /home/acl2/books/std/system/primitivep-plus-tests.lisp...
  → Failed

[1073/1503] Processing /home/acl2/books/std/system/primitivep-plus.lisp...
Error reading /home/acl2/books/std/system/primitivep-plus.lisp: Package XDOC does not exist.

                                                                  Stream: #<SB-SYS:FD-STREAM for "file /home/acl2/books/std/system/primitivep-plus.lisp" {1020A68513}>
  → Failed

[1074/1503] Processing /home/acl2/books/std/system/primitivep-tests.lisp...
  → Failed

[1075/1503] Processing /home/acl2/books/std/system/primitivep.lisp...
Error reading /home/acl2/books/std/system/primitivep.lisp: Package XDOC does not exist.

                                                             Stream: #<SB-SYS:FD-STREAM for "file /home/acl2/books/std/system/primitivep.lisp" {1020A6CD83}>
  → Failed

[1076/1503] Processing /home/acl2/books/std/system/pseudo-command-landmark-listp-tests.lisp...
  → Failed

[1077/1503] Processing /home/acl2/books/std/system/pseudo-command-landmark-listp.lisp...
Error reading /home/acl2/books/std/system/pseudo-command-landmark-listp.lisp: Package STD does not exist.

                                                                                Stream: #<SB-SYS:FD-STREAM for "file /home/acl2/books/std/system/pseudo-command-landmark-listp.lisp" {1020A718D3}>
  → Failed

[1078/1503] Processing /home/acl2/books/std/system/pseudo-event-form-fix.lisp...
Error reading /home/acl2/books/std/system/pseudo-event-form-fix.lisp: Package STD does not exist.

                                                                        Stream: #<SB-SYS:FD-STREAM for "file /home/acl2/books/std/system/pseudo-event-form-fix.lisp" {1020A74A73}>
  → Failed

[1079/1503] Processing /home/acl2/books/std/system/pseudo-event-form-listp-tests.lisp...
  → Failed

[1080/1503] Processing /home/acl2/books/std/system/pseudo-event-form-listp.lisp...
Error reading /home/acl2/books/std/system/pseudo-event-form-listp.lisp: Package STD does not exist.

                                                                          Stream: #<SB-SYS:FD-STREAM for "file /home/acl2/books/std/system/pseudo-event-form-listp.lisp" {1020A793F3}>
  → Failed

[1081/1503] Processing /home/acl2/books/std/system/pseudo-event-formp-tests.lisp...
  → Failed

[1082/1503] Processing /home/acl2/books/std/system/pseudo-event-formp.lisp...
  → Failed

[1083/1503] Processing /home/acl2/books/std/system/pseudo-event-landmark-listp-tests.lisp...
  → Failed

[1084/1503] Processing /home/acl2/books/std/system/pseudo-event-landmark-listp.lisp...
Error reading /home/acl2/books/std/system/pseudo-event-landmark-listp.lisp: Package STD does not exist.

                                                                              Stream: #<SB-SYS:FD-STREAM for "file /home/acl2/books/std/system/pseudo-event-landmark-listp.lisp" {1020A80F13}>
  → Failed

[1085/1503] Processing /home/acl2/books/std/system/pseudo-lambda-listp-tests.lisp...
  → Failed

[1086/1503] Processing /home/acl2/books/std/system/pseudo-lambda-listp.lisp...
Error reading /home/acl2/books/std/system/pseudo-lambda-listp.lisp: Package STD does not exist.

                                                                      Stream: #<SB-SYS:FD-STREAM for "file /home/acl2/books/std/system/pseudo-lambda-listp.lisp" {1020A85843}>
  → Failed

[1087/1503] Processing /home/acl2/books/std/system/pseudo-lambdap-tests.lisp...
  → Failed

[1088/1503] Processing /home/acl2/books/std/system/pseudo-lambdap.lisp...
Error reading /home/acl2/books/std/system/pseudo-lambdap.lisp: Package XDOC does not exist.

                                                                 Stream: #<SB-SYS:FD-STREAM for "file /home/acl2/books/std/system/pseudo-lambdap.lisp" {1020A8A0D3}>
  → Failed

[1089/1503] Processing /home/acl2/books/std/system/pseudo-termfn-listp-tests.lisp...
  → Failed

[1090/1503] Processing /home/acl2/books/std/system/pseudo-termfn-listp.lisp...
Error reading /home/acl2/books/std/system/pseudo-termfn-listp.lisp: Package STD does not exist.

                                                                      Stream: #<SB-SYS:FD-STREAM for "file /home/acl2/books/std/system/pseudo-termfn-listp.lisp" {1020A8E9E3}>
  → Failed

[1091/1503] Processing /home/acl2/books/std/system/pseudo-termfnp-tests.lisp...
  → Failed

[1092/1503] Processing /home/acl2/books/std/system/pseudo-termfnp.lisp...
Error reading /home/acl2/books/std/system/pseudo-termfnp.lisp: Package XDOC does not exist.

                                                                 Stream: #<SB-SYS:FD-STREAM for "file /home/acl2/books/std/system/pseudo-termfnp.lisp" {1020AC3323}>
  → Failed

[1093/1503] Processing /home/acl2/books/std/system/pseudo-tests-and-call-listp-tests.lisp...
  → Failed

[1094/1503] Processing /home/acl2/books/std/system/pseudo-tests-and-call-listp.lisp...
Error reading /home/acl2/books/std/system/pseudo-tests-and-call-listp.lisp: Package STD does not exist.

                                                                              Stream: #<SB-SYS:FD-STREAM for "file /home/acl2/books/std/system/pseudo-tests-and-call-listp.lisp" {1020AC7CB3}>
  → Failed

[1095/1503] Processing /home/acl2/books/std/system/pseudo-tests-and-callp-tests.lisp...
  → Failed

[1096/1503] Processing /home/acl2/books/std/system/pseudo-tests-and-callp.lisp...
Error reading /home/acl2/books/std/system/pseudo-tests-and-callp.lisp: Package XDOC does not exist.

                                                                         Stream: #<SB-SYS:FD-STREAM for "file /home/acl2/books/std/system/pseudo-tests-and-callp.lisp" {1020ACC5D3}>
  → Failed

[1097/1503] Processing /home/acl2/books/std/system/pure-raw-p-tests.lisp...
  → Failed

[1098/1503] Processing /home/acl2/books/std/system/pure-raw-p.lisp...
Error reading /home/acl2/books/std/system/pure-raw-p.lisp: Package XDOC does not exist.

                                                             Stream: #<SB-SYS:FD-STREAM for "file /home/acl2/books/std/system/pure-raw-p.lisp" {1020AD1573}>
  → Failed

[1099/1503] Processing /home/acl2/books/std/system/quote-term-list-tests.lisp...
  → Failed

[1100/1503] Processing /home/acl2/books/std/system/quote-term-list.lisp...
  → Failed

[1101/1503] Processing /home/acl2/books/std/system/quote-term-tests.lisp...
  → Failed

[1102/1503] Processing /home/acl2/books/std/system/quote-term.lisp...
  → Failed

[1103/1503] Processing /home/acl2/books/std/system/rawp-tests.lisp...
  → Failed

[1104/1503] Processing /home/acl2/books/std/system/rawp.lisp...
Error reading /home/acl2/books/std/system/rawp.lisp: Package XDOC does not exist.

                                                       Stream: #<SB-SYS:FD-STREAM for "file /home/acl2/books/std/system/rawp.lisp" {1020ADBB63}>
  → Failed

[1105/1503] Processing /home/acl2/books/std/system/recursive-calls-tests.lisp...
  → Failed

[1106/1503] Processing /home/acl2/books/std/system/recursive-calls.lisp...
Error reading /home/acl2/books/std/system/recursive-calls.lisp: Package XDOC does not exist.

                                                                  Stream: #<SB-SYS:FD-STREAM for "file /home/acl2/books/std/system/recursive-calls.lisp" {1020AE0643}>
  → Failed

[1107/1503] Processing /home/acl2/books/std/system/remove-dead-if-branches-tests.lisp...
  → Failed

[1108/1503] Processing /home/acl2/books/std/system/remove-dead-if-branches.lisp...
Error reading /home/acl2/books/std/system/remove-dead-if-branches.lisp: Package XDOC does not exist.

                                                                          Stream: #<SB-SYS:FD-STREAM for "file /home/acl2/books/std/system/remove-dead-if-branches.lisp" {1020AE51B3}>
  → Failed

[1109/1503] Processing /home/acl2/books/std/system/remove-mbe-tests.lisp...
  → Failed

[1110/1503] Processing /home/acl2/books/std/system/remove-mbe.lisp...
Error reading /home/acl2/books/std/system/remove-mbe.lisp: Package XDOC does not exist.

                                                             Stream: #<SB-SYS:FD-STREAM for "file /home/acl2/books/std/system/remove-mbe.lisp" {1020AE9A33}>
  → Failed

[1111/1503] Processing /home/acl2/books/std/system/remove-progn-tests.lisp...
  → Failed

[1112/1503] Processing /home/acl2/books/std/system/remove-progn.lisp...
Error reading /home/acl2/books/std/system/remove-progn.lisp: Package XDOC does not exist.

                                                               Stream: #<SB-SYS:FD-STREAM for "file /home/acl2/books/std/system/remove-progn.lisp" {1020AEE443}>
  → Failed

[1113/1503] Processing /home/acl2/books/std/system/remove-trivial-vars-tests.lisp...
  → Failed

[1114/1503] Processing /home/acl2/books/std/system/remove-trivial-vars.lisp...
Error reading /home/acl2/books/std/system/remove-trivial-vars.lisp: Package XDOC does not exist.

                                                                      Stream: #<SB-SYS:FD-STREAM for "file /home/acl2/books/std/system/remove-trivial-vars.lisp" {1020AF2F13}>
  → Failed

[1115/1503] Processing /home/acl2/books/std/system/remove-unused-vars-tests.lisp...
  → Failed

[1116/1503] Processing /home/acl2/books/std/system/remove-unused-vars.lisp...
Error reading /home/acl2/books/std/system/remove-unused-vars.lisp: Package XDOC does not exist.

                                                                     Stream: #<SB-SYS:FD-STREAM for "file /home/acl2/books/std/system/remove-unused-vars.lisp" {1020AF7923}>
  → Failed

[1117/1503] Processing /home/acl2/books/std/system/rune-disabledp-tests.lisp...
  → Failed

[1118/1503] Processing /home/acl2/books/std/system/rune-disabledp.lisp...
  → Failed

[1119/1503] Processing /home/acl2/books/std/system/rune-enabledp-tests.lisp...
  → Failed

[1120/1503] Processing /home/acl2/books/std/system/rune-enabledp.lisp...
  → Failed

[1121/1503] Processing /home/acl2/books/std/system/stobjs-in-plus-tests.lisp...
  → Failed

[1122/1503] Processing /home/acl2/books/std/system/stobjs-in-plus.lisp...
Error reading /home/acl2/books/std/system/stobjs-in-plus.lisp: Package XDOC does not exist.

                                                                 Stream: #<SB-SYS:FD-STREAM for "file /home/acl2/books/std/system/stobjs-in-plus.lisp" {1020B12173}>
  → Failed

[1123/1503] Processing /home/acl2/books/std/system/stobjs-out-plus-tests.lisp...
  → Failed

[1124/1503] Processing /home/acl2/books/std/system/stobjs-out-plus.lisp...
Error reading /home/acl2/books/std/system/stobjs-out-plus.lisp: Package XDOC does not exist.

                                                                  Stream: #<SB-SYS:FD-STREAM for "file /home/acl2/books/std/system/stobjs-out-plus.lisp" {1020B16AD3}>
  → Failed

[1125/1503] Processing /home/acl2/books/std/system/table-alist-plus-tests.lisp...
  → Failed

[1126/1503] Processing /home/acl2/books/std/system/table-alist-plus.lisp...
Error reading /home/acl2/books/std/system/table-alist-plus.lisp: Package XDOC does not exist.

                                                                   Stream: #<SB-SYS:FD-STREAM for "file /home/acl2/books/std/system/table-alist-plus.lisp" {1020B1B463}>
  → Failed

[1127/1503] Processing /home/acl2/books/std/system/tail-recursive-p-tests.lisp...
  → Failed

[1128/1503] Processing /home/acl2/books/std/system/tail-recursive-p.lisp...
Error reading /home/acl2/books/std/system/tail-recursive-p.lisp: Package XDOC does not exist.

                                                                   Stream: #<SB-SYS:FD-STREAM for "file /home/acl2/books/std/system/tail-recursive-p.lisp" {1020B1FE83}>
  → Failed

[1129/1503] Processing /home/acl2/books/std/system/term-function-recognizers.lisp...
Error reading /home/acl2/books/std/system/term-function-recognizers.lisp: Package XDOC does not exist.

                                                                            Stream: #<SB-SYS:FD-STREAM for "file /home/acl2/books/std/system/term-function-recognizers.lisp" {1020B230B3}>
  → Failed

[1130/1503] Processing /home/acl2/books/std/system/term-guard-obligation-tests.lisp...
  → Failed

[1131/1503] Processing /home/acl2/books/std/system/term-guard-obligation.lisp...
Error reading /home/acl2/books/std/system/term-guard-obligation.lisp: Package XDOC does not exist.

                                                                        Stream: #<SB-SYS:FD-STREAM for "file /home/acl2/books/std/system/term-guard-obligation.lisp" {1020B27BB3}>
  → Failed

[1132/1503] Processing /home/acl2/books/std/system/term-possible-numbers-of-results-tests.lisp...
  → Failed

[1133/1503] Processing /home/acl2/books/std/system/term-possible-numbers-of-results.lisp...
Error reading /home/acl2/books/std/system/term-possible-numbers-of-results.lisp: Package XDOC does not exist.

                                                                                   Stream: #<SB-SYS:FD-STREAM for "file /home/acl2/books/std/system/term-possible-numbers-of-results.lisp" {1020B2C813}>
  → Failed

[1134/1503] Processing /home/acl2/books/std/system/term-queries.lisp...
  → Failed

[1135/1503] Processing /home/acl2/books/std/system/term-transformations.lisp...
  → Failed

[1136/1503] Processing /home/acl2/books/std/system/termfn-listp-tests.lisp...
  → Failed

[1137/1503] Processing /home/acl2/books/std/system/termfn-listp.lisp...
Error reading /home/acl2/books/std/system/termfn-listp.lisp: Package STD does not exist.

                                                               Stream: #<SB-SYS:FD-STREAM for "file /home/acl2/books/std/system/termfn-listp.lisp" {1020B35A63}>
  → Failed

[1138/1503] Processing /home/acl2/books/std/system/termfnp-tests.lisp...
  → Failed

[1139/1503] Processing /home/acl2/books/std/system/termfnp.lisp...
Error reading /home/acl2/books/std/system/termfnp.lisp: Package XDOC does not exist.

                                                          Stream: #<SB-SYS:FD-STREAM for "file /home/acl2/books/std/system/termfnp.lisp" {1020B3A1E3}>
  → Failed

[1140/1503] Processing /home/acl2/books/std/system/termination-theorem-dollar-tests.lisp...
  → Failed

[1141/1503] Processing /home/acl2/books/std/system/termination-theorem-dollar.lisp...
Error reading /home/acl2/books/std/system/termination-theorem-dollar.lisp: Package XDOC does not exist.

                                                                             Stream: #<SB-SYS:FD-STREAM for "file /home/acl2/books/std/system/termination-theorem-dollar.lisp" {1020B3EB03}>
  → Failed

[1142/1503] Processing /home/acl2/books/std/system/theorem-name-listp-tests.lisp...
  → Failed

[1143/1503] Processing /home/acl2/books/std/system/theorem-name-listp.lisp...
Error reading /home/acl2/books/std/system/theorem-name-listp.lisp: Package XDOC does not exist.

                                                                     Stream: #<SB-SYS:FD-STREAM for "file /home/acl2/books/std/system/theorem-name-listp.lisp" {1020B436B3}>
  → Failed

[1144/1503] Processing /home/acl2/books/std/system/theorem-namep-tests.lisp...
  → Failed

[1145/1503] Processing /home/acl2/books/std/system/theorem-namep.lisp...
Error reading /home/acl2/books/std/system/theorem-namep.lisp: Package XDOC does not exist.

                                                                Stream: #<SB-SYS:FD-STREAM for "file /home/acl2/books/std/system/theorem-namep.lisp" {1020B47FE3}>
  → Failed

[1146/1503] Processing /home/acl2/books/std/system/theorem-queries.lisp...
Error reading /home/acl2/books/std/system/theorem-queries.lisp: Package XDOC does not exist.

                                                                  Stream: #<SB-SYS:FD-STREAM for "file /home/acl2/books/std/system/theorem-queries.lisp" {1020B4B103}>
  → Failed

[1147/1503] Processing /home/acl2/books/std/system/theorem-symbol-listp-tests.lisp...
  → Failed

[1148/1503] Processing /home/acl2/books/std/system/theorem-symbol-listp.lisp...
Error reading /home/acl2/books/std/system/theorem-symbol-listp.lisp: Package STD does not exist.

                                                                       Stream: #<SB-SYS:FD-STREAM for "file /home/acl2/books/std/system/theorem-symbol-listp.lisp" {1020B4FBD3}>
  → Failed

[1149/1503] Processing /home/acl2/books/std/system/theorem-symbolp-tests.lisp...
  → Failed

[1150/1503] Processing /home/acl2/books/std/system/theorem-symbolp.lisp...
Error reading /home/acl2/books/std/system/theorem-symbolp.lisp: Package XDOC does not exist.

                                                                  Stream: #<SB-SYS:FD-STREAM for "file /home/acl2/books/std/system/theorem-symbolp.lisp" {1020B64763}>
  → Failed

[1151/1503] Processing /home/acl2/books/std/system/thm-formula-plus-tests.lisp...
  → Failed

[1152/1503] Processing /home/acl2/books/std/system/thm-formula-plus.lisp...
Error reading /home/acl2/books/std/system/thm-formula-plus.lisp: Package XDOC does not exist.

                                                                   Stream: #<SB-SYS:FD-STREAM for "file /home/acl2/books/std/system/thm-formula-plus.lisp" {1020B691A3}>
  → Failed

[1153/1503] Processing /home/acl2/books/std/system/thm-formula-tests.lisp...
  → Failed

[1154/1503] Processing /home/acl2/books/std/system/thm-formula.lisp...
Error reading /home/acl2/books/std/system/thm-formula.lisp: Package XDOC does not exist.

                                                              Stream: #<SB-SYS:FD-STREAM for "file /home/acl2/books/std/system/thm-formula.lisp" {1020B6DA63}>
  → Failed

[1155/1503] Processing /home/acl2/books/std/system/top.lisp...
Error reading /home/acl2/books/std/system/top.lisp: Package XDOC does not exist.

                                                      Stream: #<SB-SYS:FD-STREAM for "file /home/acl2/books/std/system/top.lisp" {1020B70BA3}>
  → Failed

[1156/1503] Processing /home/acl2/books/std/system/ubody-plus-tests.lisp...
  → Failed

[1157/1503] Processing /home/acl2/books/std/system/ubody-plus.lisp...
Error reading /home/acl2/books/std/system/ubody-plus.lisp: Package XDOC does not exist.

                                                             Stream: #<SB-SYS:FD-STREAM for "file /home/acl2/books/std/system/ubody-plus.lisp" {1020B76453}>
  → Failed

[1158/1503] Processing /home/acl2/books/std/system/ubody-tests.lisp...
  → Failed

[1159/1503] Processing /home/acl2/books/std/system/ubody.lisp...
Error reading /home/acl2/books/std/system/ubody.lisp: Package XDOC does not exist.

                                                        Stream: #<SB-SYS:FD-STREAM for "file /home/acl2/books/std/system/ubody.lisp" {1020B7AC23}>
  → Failed

[1160/1503] Processing /home/acl2/books/std/system/uguard-plus-tests.lisp...
  → Failed

[1161/1503] Processing /home/acl2/books/std/system/uguard-plus.lisp...
Error reading /home/acl2/books/std/system/uguard-plus.lisp: Package XDOC does not exist.

                                                              Stream: #<SB-SYS:FD-STREAM for "file /home/acl2/books/std/system/uguard-plus.lisp" {1020B7F5B3}>
  → Failed

[1162/1503] Processing /home/acl2/books/std/system/uguard-tests.lisp...
  → Failed

[1163/1503] Processing /home/acl2/books/std/system/uguard.lisp...
Error reading /home/acl2/books/std/system/uguard.lisp: Package XDOC does not exist.

                                                         Stream: #<SB-SYS:FD-STREAM for "file /home/acl2/books/std/system/uguard.lisp" {1020B93E63}>
  → Failed

[1164/1503] Processing /home/acl2/books/std/system/unquote-term-tests.lisp...
  → Failed

[1165/1503] Processing /home/acl2/books/std/system/unquote-term.lisp...
Error reading /home/acl2/books/std/system/unquote-term.lisp: Package XDOC does not exist.

                                                               Stream: #<SB-SYS:FD-STREAM for "file /home/acl2/books/std/system/unquote-term.lisp" {1020B98783}>
  → Failed

[1166/1503] Processing /home/acl2/books/std/system/untranslate-dollar-tests.lisp...
  → Failed

[1167/1503] Processing /home/acl2/books/std/system/untranslate-dollar.lisp...
Error reading /home/acl2/books/std/system/untranslate-dollar.lisp: Package XDOC does not exist.

                                                                     Stream: #<SB-SYS:FD-STREAM for "file /home/acl2/books/std/system/untranslate-dollar.lisp" {1020B9D103}>
  → Failed

[1168/1503] Processing /home/acl2/books/std/system/unwrapped-nonexec-body-plus-tests.lisp...
  → Failed

[1169/1503] Processing /home/acl2/books/std/system/unwrapped-nonexec-body-plus.lisp...
Error reading /home/acl2/books/std/system/unwrapped-nonexec-body-plus.lisp: Package XDOC does not exist.

                                                                              Stream: #<SB-SYS:FD-STREAM for "file /home/acl2/books/std/system/unwrapped-nonexec-body-plus.lisp" {1020BA1C13}>
  → Failed

[1170/1503] Processing /home/acl2/books/std/system/unwrapped-nonexec-body-tests.lisp...
  → Failed

[1171/1503] Processing /home/acl2/books/std/system/unwrapped-nonexec-body.lisp...
Error reading /home/acl2/books/std/system/unwrapped-nonexec-body.lisp: Package XDOC does not exist.

                                                                         Stream: #<SB-SYS:FD-STREAM for "file /home/acl2/books/std/system/unwrapped-nonexec-body.lisp" {1020BA66A3}>
  → Failed

[1172/1503] Processing /home/acl2/books/std/system/w.lisp...
  → Failed

[1173/1503] Processing /home/acl2/books/std/testing/assert-bang-stobj-tests.lisp...
  → Failed

[1174/1503] Processing /home/acl2/books/std/testing/assert-bang-stobj.lisp...
  → Failed

[1175/1503] Processing /home/acl2/books/std/testing/assert-bang-tests.lisp...
  → Failed

[1176/1503] Processing /home/acl2/books/std/testing/assert-bang.lisp...
  → Failed

[1177/1503] Processing /home/acl2/books/std/testing/assert-equal-tests.lisp...
  → Failed

[1178/1503] Processing /home/acl2/books/std/testing/assert-equal.lisp...
  → Failed

[1179/1503] Processing /home/acl2/books/std/testing/assert-qmark-tests.lisp...
  → Failed

[1180/1503] Processing /home/acl2/books/std/testing/assert-qmark.lisp...
Error reading /home/acl2/books/std/testing/assert-qmark.lisp: Package XDOC does not exist.

                                                                Stream: #<SB-SYS:FD-STREAM for "file /home/acl2/books/std/testing/assert-qmark.lisp" {1020BD0843}>
  → Failed

[1181/1503] Processing /home/acl2/books/std/testing/assert.lisp...
  → Failed

[1182/1503] Processing /home/acl2/books/std/testing/eval.lisp...
  → Failed

[1183/1503] Processing /home/acl2/books/std/testing/must-be-redundant-tests.lisp...
  → Failed

[1184/1503] Processing /home/acl2/books/std/testing/must-be-redundant.lisp...
  → Failed

[1185/1503] Processing /home/acl2/books/std/testing/must-be-table-key.lisp...
  → Failed

[1186/1503] Processing /home/acl2/books/std/testing/must-eval-to-t.lisp...
  → Failed

[1187/1503] Processing /home/acl2/books/std/testing/must-eval-to.lisp...
  → Failed

[1188/1503] Processing /home/acl2/books/std/testing/must-fail-local-tests.lisp...
  → Failed

[1189/1503] Processing /home/acl2/books/std/testing/must-fail-local.lisp...
  → Failed

[1190/1503] Processing /home/acl2/books/std/testing/must-fail-tests.lisp...
  → Failed

[1191/1503] Processing /home/acl2/books/std/testing/must-fail-with-error.lisp...
  → Failed

[1192/1503] Processing /home/acl2/books/std/testing/must-fail-with-hard-error.lisp...
  → Failed

[1193/1503] Processing /home/acl2/books/std/testing/must-fail-with-soft-error.lisp...
  → Failed

[1194/1503] Processing /home/acl2/books/std/testing/must-fail.lisp...
  → Generated 1 definitions

[1195/1503] Processing /home/acl2/books/std/testing/must-not-be-table-key.lisp...
  → Failed

[1196/1503] Processing /home/acl2/books/std/testing/must-not-prove.lisp...
  → Failed

[1197/1503] Processing /home/acl2/books/std/testing/must-prove.lisp...
  → Failed

[1198/1503] Processing /home/acl2/books/std/testing/must-succeed-star.lisp...
  → Failed

[1199/1503] Processing /home/acl2/books/std/testing/must-succeed.lisp...
  → Failed

[1200/1503] Processing /home/acl2/books/std/testing/top.lisp...
Error reading /home/acl2/books/std/testing/top.lisp: Package XDOC does not exist.

                                                       Stream: #<SB-SYS:FD-STREAM for "file /home/acl2/books/std/testing/top.lisp" {1020C1A943}>
  → Failed

[1201/1503] Processing /home/acl2/books/std/top.lisp...
  → Failed

[1202/1503] Processing /home/acl2/books/std/typed-alists/cons-pos-alistp-tests.lisp...
  → Failed

[1203/1503] Processing /home/acl2/books/std/typed-alists/cons-pos-alistp.lisp...
Error reading /home/acl2/books/std/typed-alists/cons-pos-alistp.lisp: Package STD does not exist.

                                                                        Stream: #<SB-SYS:FD-STREAM for "file /home/acl2/books/std/typed-alists/cons-pos-alistp.lisp" {1020C244F3}>
  → Failed

[1204/1503] Processing /home/acl2/books/std/typed-alists/keyword-symbol-alistp-tests.lisp...
  → Failed

[1205/1503] Processing /home/acl2/books/std/typed-alists/keyword-symbol-alistp.lisp...
Error reading /home/acl2/books/std/typed-alists/keyword-symbol-alistp.lisp: Package STD does not exist.

                                                                              Stream: #<SB-SYS:FD-STREAM for "file /home/acl2/books/std/typed-alists/keyword-symbol-alistp.lisp" {1020C28F53}>
  → Failed

[1206/1503] Processing /home/acl2/books/std/typed-alists/keyword-to-keyword-value-list-alistp-tests.lisp...
  → Failed

[1207/1503] Processing /home/acl2/books/std/typed-alists/keyword-to-keyword-value-list-alistp.lisp...
  → Failed

[1208/1503] Processing /home/acl2/books/std/typed-alists/keyword-truelist-alistp.lisp...
Error reading /home/acl2/books/std/typed-alists/keyword-truelist-alistp.lisp: Package STD does not exist.

                                                                                Stream: #<SB-SYS:FD-STREAM for "file /home/acl2/books/std/typed-alists/keyword-truelist-alistp.lisp" {1020C2FA43}>
  → Failed

[1209/1503] Processing /home/acl2/books/std/typed-alists/string-string-alistp-tests.lisp...
  → Failed

[1210/1503] Processing /home/acl2/books/std/typed-alists/string-string-alistp.lisp...
Error reading /home/acl2/books/std/typed-alists/string-string-alistp.lisp: Package STD does not exist.

                                                                             Stream: #<SB-SYS:FD-STREAM for "file /home/acl2/books/std/typed-alists/string-string-alistp.lisp" {1020C34A93}>
  → Failed

[1211/1503] Processing /home/acl2/books/std/typed-alists/string-stringlist-alistp.lisp...
Error reading /home/acl2/books/std/typed-alists/string-stringlist-alistp.lisp: Package STD does not exist.

                                                                                 Stream: #<SB-SYS:FD-STREAM for "file /home/acl2/books/std/typed-alists/string-stringlist-alistp.lisp" {1020C37C33}>
  → Failed

[1212/1503] Processing /home/acl2/books/std/typed-alists/string-symbol-alistp.lisp...
Error reading /home/acl2/books/std/typed-alists/string-symbol-alistp.lisp: Package STD does not exist.

                                                                             Stream: #<SB-SYS:FD-STREAM for "file /home/acl2/books/std/typed-alists/string-symbol-alistp.lisp" {1020C3ADB3}>
  → Failed

[1213/1503] Processing /home/acl2/books/std/typed-alists/string-symbollist-alistp-tests.lisp...
  → Failed

[1214/1503] Processing /home/acl2/books/std/typed-alists/string-symbollist-alistp.lisp...
Error reading /home/acl2/books/std/typed-alists/string-symbollist-alistp.lisp: Package STD does not exist.

                                                                                 Stream: #<SB-SYS:FD-STREAM for "file /home/acl2/books/std/typed-alists/string-symbollist-alistp.lisp" {1020C3F903}>
  → Failed

[1215/1503] Processing /home/acl2/books/std/typed-alists/symbol-alistp.lisp...
  → Failed

[1216/1503] Processing /home/acl2/books/std/typed-alists/symbol-nat-alistp-tests.lisp...
  → Failed

[1217/1503] Processing /home/acl2/books/std/typed-alists/symbol-nat-alistp.lisp...
Error reading /home/acl2/books/std/typed-alists/symbol-nat-alistp.lisp: Package STD does not exist.

                                                                          Stream: #<SB-SYS:FD-STREAM for "file /home/acl2/books/std/typed-alists/symbol-nat-alistp.lisp" {1020C45FB3}>
  → Failed

[1218/1503] Processing /home/acl2/books/std/typed-alists/symbol-pos-alistp-tests.lisp...
  → Failed

[1219/1503] Processing /home/acl2/books/std/typed-alists/symbol-pos-alistp.lisp...
Error reading /home/acl2/books/std/typed-alists/symbol-pos-alistp.lisp: Package STD does not exist.

                                                                          Stream: #<SB-SYS:FD-STREAM for "file /home/acl2/books/std/typed-alists/symbol-pos-alistp.lisp" {1020C4A943}>
  → Failed

[1220/1503] Processing /home/acl2/books/std/typed-alists/symbol-pseudoeventform-alistp.lisp...
Error reading /home/acl2/books/std/typed-alists/symbol-pseudoeventform-alistp.lisp: Package STD does not exist.

                                                                                      Stream: #<SB-SYS:FD-STREAM for "file /home/acl2/books/std/typed-alists/symbol-pseudoeventform-alistp.lisp" {1020C4DB33}>
  → Failed

[1221/1503] Processing /home/acl2/books/std/typed-alists/symbol-pseudoterm-alistp-tests.lisp...
  → Failed

[1222/1503] Processing /home/acl2/books/std/typed-alists/symbol-pseudoterm-alistp.lisp...
Error reading /home/acl2/books/std/typed-alists/symbol-pseudoterm-alistp.lisp: Package STD does not exist.

                                                                                 Stream: #<SB-SYS:FD-STREAM for "file /home/acl2/books/std/typed-alists/symbol-pseudoterm-alistp.lisp" {1020C52663}>
  → Failed

[1223/1503] Processing /home/acl2/books/std/typed-alists/symbol-string-alistp-tests.lisp...
  → Failed

[1224/1503] Processing /home/acl2/books/std/typed-alists/symbol-string-alistp.lisp...
Error reading /home/acl2/books/std/typed-alists/symbol-string-alistp.lisp: Package STD does not exist.

                                                                             Stream: #<SB-SYS:FD-STREAM for "file /home/acl2/books/std/typed-alists/symbol-string-alistp.lisp" {1020C57103}>
  → Failed

[1225/1503] Processing /home/acl2/books/std/typed-alists/symbol-symbol-alistp-tests.lisp...
  → Failed

[1226/1503] Processing /home/acl2/books/std/typed-alists/symbol-symbol-alistp.lisp...
Error reading /home/acl2/books/std/typed-alists/symbol-symbol-alistp.lisp: Package STD does not exist.

                                                                             Stream: #<SB-SYS:FD-STREAM for "file /home/acl2/books/std/typed-alists/symbol-symbol-alistp.lisp" {1020C5BB73}>
  → Failed

[1227/1503] Processing /home/acl2/books/std/typed-alists/symbol-symbollist-alistp.lisp...
Error reading /home/acl2/books/std/typed-alists/symbol-symbollist-alistp.lisp: Package STD does not exist.

                                                                                 Stream: #<SB-SYS:FD-STREAM for "file /home/acl2/books/std/typed-alists/symbol-symbollist-alistp.lisp" {1020C5ED13}>
  → Failed

[1228/1503] Processing /home/acl2/books/std/typed-alists/symbol-truelist-alistp-tests.lisp...
  → Failed

[1229/1503] Processing /home/acl2/books/std/typed-alists/symbol-truelist-alistp.lisp...
Error reading /home/acl2/books/std/typed-alists/symbol-truelist-alistp.lisp: Package STD does not exist.

                                                                               Stream: #<SB-SYS:FD-STREAM for "file /home/acl2/books/std/typed-alists/symbol-truelist-alistp.lisp" {1020C63833}>
  → Failed

[1230/1503] Processing /home/acl2/books/std/typed-alists/top.lisp...
Error reading /home/acl2/books/std/typed-alists/top.lisp: Package XDOC does not exist.

                                                            Stream: #<SB-SYS:FD-STREAM for "file /home/acl2/books/std/typed-alists/top.lisp" {1020C66813}>
  → Failed

[1231/1503] Processing /home/acl2/books/std/typed-lists/acl2-number-listp.lisp...
Error reading /home/acl2/books/std/typed-lists/acl2-number-listp.lisp: Package STD does not exist.

                                                                         Stream: #<SB-SYS:FD-STREAM for "file /home/acl2/books/std/typed-lists/acl2-number-listp.lisp" {1020C6A0D3}>
  → Failed

[1232/1503] Processing /home/acl2/books/std/typed-lists/atom-listp.lisp...
Error reading /home/acl2/books/std/typed-lists/atom-listp.lisp: Package STD does not exist.

                                                                  Stream: #<SB-SYS:FD-STREAM for "file /home/acl2/books/std/typed-lists/atom-listp.lisp" {1020C6D3D3}>
  → Failed

[1233/1503] Processing /home/acl2/books/std/typed-lists/boolean-listp.lisp...
Error reading /home/acl2/books/std/typed-lists/boolean-listp.lisp: Package STD does not exist.

                                                                     Stream: #<SB-SYS:FD-STREAM for "file /home/acl2/books/std/typed-lists/boolean-listp.lisp" {1020C806D3}>
  → Failed

[1234/1503] Processing /home/acl2/books/std/typed-lists/character-listp.lisp...
Error reading /home/acl2/books/std/typed-lists/character-listp.lisp: Package STD does not exist.

                                                                       Stream: #<SB-SYS:FD-STREAM for "file /home/acl2/books/std/typed-lists/character-listp.lisp" {1020C83A83}>
  → Failed

[1235/1503] Processing /home/acl2/books/std/typed-lists/cons-listp.lisp...
Error reading /home/acl2/books/std/typed-lists/cons-listp.lisp: Package STD does not exist.

                                                                  Stream: #<SB-SYS:FD-STREAM for "file /home/acl2/books/std/typed-lists/cons-listp.lisp" {1020C86D73}>
  → Failed

[1236/1503] Processing /home/acl2/books/std/typed-lists/eqlable-listp.lisp...
Error reading /home/acl2/books/std/typed-lists/eqlable-listp.lisp: Package STD does not exist.

                                                                     Stream: #<SB-SYS:FD-STREAM for "file /home/acl2/books/std/typed-lists/eqlable-listp.lisp" {1020C89DE3}>
  → Failed

[1237/1503] Processing /home/acl2/books/std/typed-lists/integer-listp.lisp...
Error reading /home/acl2/books/std/typed-lists/integer-listp.lisp: Package STD does not exist.

                                                                     Stream: #<SB-SYS:FD-STREAM for "file /home/acl2/books/std/typed-lists/integer-listp.lisp" {1020C8D0F3}>
  → Failed

[1238/1503] Processing /home/acl2/books/std/typed-lists/nat-listp.lisp...
Error reading /home/acl2/books/std/typed-lists/nat-listp.lisp: Package STD does not exist.

                                                                 Stream: #<SB-SYS:FD-STREAM for "file /home/acl2/books/std/typed-lists/nat-listp.lisp" {1020CA03B3}>
  → Failed

[1239/1503] Processing /home/acl2/books/std/typed-lists/portcullis.lisp...
  → Failed

[1240/1503] Processing /home/acl2/books/std/typed-lists/pseudo-term-listp.lisp...
Error reading /home/acl2/books/std/typed-lists/pseudo-term-listp.lisp: Package STD does not exist.

                                                                         Stream: #<SB-SYS:FD-STREAM for "file /home/acl2/books/std/typed-lists/pseudo-term-listp.lisp" {1020CA5353}>
  → Failed

[1241/1503] Processing /home/acl2/books/std/typed-lists/rational-listp.lisp...
Error reading /home/acl2/books/std/typed-lists/rational-listp.lisp: Package STD does not exist.

                                                                      Stream: #<SB-SYS:FD-STREAM for "file /home/acl2/books/std/typed-lists/rational-listp.lisp" {1020CA8683}>
  → Failed

[1242/1503] Processing /home/acl2/books/std/typed-lists/signed-byte-listp.lisp...
  → Failed

[1243/1503] Processing /home/acl2/books/std/typed-lists/string-listp.lisp...
Error reading /home/acl2/books/std/typed-lists/string-listp.lisp: Package STD does not exist.

                                                                    Stream: #<SB-SYS:FD-STREAM for "file /home/acl2/books/std/typed-lists/string-listp.lisp" {1020CAD2F3}>
  → Failed

[1244/1503] Processing /home/acl2/books/std/typed-lists/string-or-symbol-listp.lisp...
  → Failed

[1245/1503] Processing /home/acl2/books/std/typed-lists/symbol-listp.lisp...
Error reading /home/acl2/books/std/typed-lists/symbol-listp.lisp: Package STD does not exist.

                                                                    Stream: #<SB-SYS:FD-STREAM for "file /home/acl2/books/std/typed-lists/symbol-listp.lisp" {1020CB1E73}>
  → Failed

[1246/1503] Processing /home/acl2/books/std/typed-lists/top.lisp...
  → Failed

[1247/1503] Processing /home/acl2/books/std/typed-lists/unsigned-byte-listp.lisp...
  → Failed

[1248/1503] Processing /home/acl2/books/std/util/add-io-pairs-tests-sub-1.lisp...
  → Generated 2 definitions

[1249/1503] Processing /home/acl2/books/std/util/add-io-pairs-tests-sub-2.lisp...
  → Generated 2 definitions

[1250/1503] Processing /home/acl2/books/std/util/add-io-pairs-tests-sub.lisp...
  → Generated 1 definitions

[1251/1503] Processing /home/acl2/books/std/util/add-io-pairs-tests.lisp...
Error reading /home/acl2/books/std/util/add-io-pairs-tests.lisp: Package PRIMES does not exist.

                                                                   Stream: #<SB-SYS:FD-STREAM for "file /home/acl2/books/std/util/add-io-pairs-tests.lisp" {1020CC6613}>
  → Failed

[1252/1503] Processing /home/acl2/books/std/util/add-io-pairs.lisp...
  → Generated 22 definitions

[1253/1503] Processing /home/acl2/books/std/util/bstar.lisp...
Error reading /home/acl2/books/std/util/bstar.lisp: Package XDOC does not exist.

                                                      Stream: #<SB-SYS:FD-STREAM for "file /home/acl2/books/std/util/bstar.lisp" {1020E9BC33}>
  → Failed

[1254/1503] Processing /home/acl2/books/std/util/cons.lisp...
  → Failed

[1255/1503] Processing /home/acl2/books/std/util/da-base.lisp...
Error reading /home/acl2/books/std/util/da-base.lisp: Package STD does not exist.

                                                        Stream: #<SB-SYS:FD-STREAM for "file /home/acl2/books/std/util/da-base.lisp" {1020EC4233}>
  → Failed

[1256/1503] Processing /home/acl2/books/std/util/def-bound-theorems-tests.lisp...
  → Failed

[1257/1503] Processing /home/acl2/books/std/util/def-bound-theorems.lisp...
  → Failed

[1258/1503] Processing /home/acl2/books/std/util/defaggregate.lisp...
Error reading /home/acl2/books/std/util/defaggregate.lisp: Package STR does not exist.

                                                             Stream: #<SB-SYS:FD-STREAM for "file /home/acl2/books/std/util/defaggregate.lisp" {1020EF3683}>
  → Failed

[1259/1503] Processing /home/acl2/books/std/util/defaggrify-defrec.lisp...
Error reading /home/acl2/books/std/util/defaggrify-defrec.lisp: Package STD does not exist.

                                                                  Stream: #<SB-SYS:FD-STREAM for "file /home/acl2/books/std/util/defaggrify-defrec.lisp" {1020F436F3}>
  → Failed

[1260/1503] Processing /home/acl2/books/std/util/defalist-base.lisp...
Error reading /home/acl2/books/std/util/defalist-base.lisp: Package XDOC does not exist.

                                                              Stream: #<SB-SYS:FD-STREAM for "file /home/acl2/books/std/util/defalist-base.lisp" {1020F481A3}>
  → Failed

[1261/1503] Processing /home/acl2/books/std/util/defalist.lisp...
Error reading /home/acl2/books/std/util/defalist.lisp: no dispatch function defined for #\!

                                                         Stream: #<SB-SYS:FD-STREAM for "file /home/acl2/books/std/util/defalist.lisp" {1020F5C673}>
  → Failed

[1262/1503] Processing /home/acl2/books/std/util/defarbrec-doc.lisp...
Error reading /home/acl2/books/std/util/defarbrec-doc.lisp: Package XDOC does not exist.

                                                              Stream: #<SB-SYS:FD-STREAM for "file /home/acl2/books/std/util/defarbrec-doc.lisp" {1020F5F773}>
  → Failed

[1263/1503] Processing /home/acl2/books/std/util/defarbrec-template.lisp...
  → Generated 2 definitions

[1264/1503] Processing /home/acl2/books/std/util/defarbrec.lisp...
Error reading /home/acl2/books/std/util/defarbrec.lisp: Package XDOC does not exist.

                                                          Stream: #<SB-SYS:FD-STREAM for "file /home/acl2/books/std/util/defarbrec.lisp" {1020F77783}>
  → Failed

[1265/1503] Processing /home/acl2/books/std/util/defconstrained-recognizer.lisp...
Error reading /home/acl2/books/std/util/defconstrained-recognizer.lisp: Package XDOC does not exist.

                                                                          Stream: #<SB-SYS:FD-STREAM for "file /home/acl2/books/std/util/defconstrained-recognizer.lisp" {1020F7B513}>
  → Failed

[1266/1503] Processing /home/acl2/books/std/util/defconsts.lisp...
  → Generated 2 definitions

[1267/1503] Processing /home/acl2/books/std/util/defenum-tests.lisp...
  → Failed

[1268/1503] Processing /home/acl2/books/std/util/defenum.lisp...
Error reading /home/acl2/books/std/util/defenum.lisp: Package XDOC does not exist.

                                                        Stream: #<SB-SYS:FD-STREAM for "file /home/acl2/books/std/util/defenum.lisp" {1020F894C3}>
  → Failed

[1269/1503] Processing /home/acl2/books/std/util/deffixer.lisp...
Error reading /home/acl2/books/std/util/deffixer.lisp: Package XDOC does not exist.

                                                         Stream: #<SB-SYS:FD-STREAM for "file /home/acl2/books/std/util/deffixer.lisp" {1020FA4D33}>
  → Failed

[1270/1503] Processing /home/acl2/books/std/util/define-sk.lisp...
Error reading /home/acl2/books/std/util/define-sk.lisp: Package XDOC does not exist.

                                                          Stream: #<SB-SYS:FD-STREAM for "file /home/acl2/books/std/util/define-sk.lisp" {1020FA7F23}>
  → Failed

[1271/1503] Processing /home/acl2/books/std/util/define.lisp...
Error reading /home/acl2/books/std/util/define.lisp: Package XDOC does not exist.

                                                       Stream: #<SB-SYS:FD-STREAM for "file /home/acl2/books/std/util/define.lisp" {1020FCCFB3}>
  → Failed

[1272/1503] Processing /home/acl2/books/std/util/defines.lisp...
Error reading /home/acl2/books/std/util/defines.lisp: Package XDOC does not exist.

                                                        Stream: #<SB-SYS:FD-STREAM for "file /home/acl2/books/std/util/defines.lisp" {1020FF54D3}>
  → Failed

[1273/1503] Processing /home/acl2/books/std/util/definj-doc.lisp...
Error reading /home/acl2/books/std/util/definj-doc.lisp: Package XDOC does not exist.

                                                           Stream: #<SB-SYS:FD-STREAM for "file /home/acl2/books/std/util/definj-doc.lisp" {102100A473}>
  → Failed

[1274/1503] Processing /home/acl2/books/std/util/definj.lisp...
Error reading /home/acl2/books/std/util/definj.lisp: Package XDOC does not exist.

                                                       Stream: #<SB-SYS:FD-STREAM for "file /home/acl2/books/std/util/definj.lisp" {102100D593}>
  → Failed

[1275/1503] Processing /home/acl2/books/std/util/defirrelevant-tests.lisp...
  → Failed

[1276/1503] Processing /home/acl2/books/std/util/defirrelevant.lisp...
Error reading /home/acl2/books/std/util/defirrelevant.lisp: Package XDOC does not exist.

                                                              Stream: #<SB-SYS:FD-STREAM for "file /home/acl2/books/std/util/defirrelevant.lisp" {1021021DF3}>
  → Failed

[1277/1503] Processing /home/acl2/books/std/util/defiso-doc.lisp...
Error reading /home/acl2/books/std/util/defiso-doc.lisp: Package XDOC does not exist.

                                                           Stream: #<SB-SYS:FD-STREAM for "file /home/acl2/books/std/util/defiso-doc.lisp" {1021025013}>
  → Failed

[1278/1503] Processing /home/acl2/books/std/util/defiso.lisp...
Error reading /home/acl2/books/std/util/defiso.lisp: Package XDOC does not exist.

                                                       Stream: #<SB-SYS:FD-STREAM for "file /home/acl2/books/std/util/defiso.lisp" {1021028133}>
  → Failed

[1279/1503] Processing /home/acl2/books/std/util/deflist-aux.lisp...
Error reading /home/acl2/books/std/util/deflist-aux.lisp: Package SET does not exist.

                                                            Stream: #<SB-SYS:FD-STREAM for "file /home/acl2/books/std/util/deflist-aux.lisp" {102102B1C3}>
  → Failed

[1280/1503] Processing /home/acl2/books/std/util/deflist-base.lisp...
Error reading /home/acl2/books/std/util/deflist-base.lisp: Package XDOC does not exist.

                                                             Stream: #<SB-SYS:FD-STREAM for "file /home/acl2/books/std/util/deflist-base.lisp" {102102E253}>
  → Failed

[1281/1503] Processing /home/acl2/books/std/util/deflist.lisp...
Error reading /home/acl2/books/std/util/deflist.lisp: Package SET does not exist.

                                                        Stream: #<SB-SYS:FD-STREAM for "file /home/acl2/books/std/util/deflist.lisp" {10210488B3}>
  → Failed

[1282/1503] Processing /home/acl2/books/std/util/defmacro-plus-doc.lisp...
  → Failed

[1283/1503] Processing /home/acl2/books/std/util/defmacro-plus-tests.lisp...
  → Failed

[1284/1503] Processing /home/acl2/books/std/util/defmacro-plus.lisp...
  → Failed

[1285/1503] Processing /home/acl2/books/std/util/defmapappend.lisp...
Error reading /home/acl2/books/std/util/defmapappend.lisp: no dispatch function defined for #\!

                                                             Stream: #<SB-SYS:FD-STREAM for "file /home/acl2/books/std/util/defmapappend.lisp" {1021058D13}>
  → Failed

[1286/1503] Processing /home/acl2/books/std/util/defmapping-doc.lisp...
Error reading /home/acl2/books/std/util/defmapping-doc.lisp: Package XDOC does not exist.

                                                               Stream: #<SB-SYS:FD-STREAM for "file /home/acl2/books/std/util/defmapping-doc.lisp" {102107B1B3}>
  → Failed

[1287/1503] Processing /home/acl2/books/std/util/defmapping-proof-templates.lisp...
  → Failed

[1288/1503] Processing /home/acl2/books/std/util/defmapping-templates.lisp...
  → Generated 1 definitions

[1289/1503] Processing /home/acl2/books/std/util/defmapping-tests-concrete.lisp...
  → Failed

[1290/1503] Processing /home/acl2/books/std/util/defmapping-tests-template-1-1.lisp...
  → Failed

[1291/1503] Processing /home/acl2/books/std/util/defmapping-tests-template-1-2.lisp...
  → Failed

[1292/1503] Processing /home/acl2/books/std/util/defmapping-tests-template-2-1.lisp...
  → Failed

[1293/1503] Processing /home/acl2/books/std/util/defmapping-tests-template-2-2.lisp...
  → Failed

[1294/1503] Processing /home/acl2/books/std/util/defmapping-tests-utils.lisp...
  → Failed

[1295/1503] Processing /home/acl2/books/std/util/defmapping-tests-validation.lisp...
  → Generated 2 definitions

[1296/1503] Processing /home/acl2/books/std/util/defmapping.lisp...
Error reading /home/acl2/books/std/util/defmapping.lisp: Package XDOC does not exist.

                                                           Stream: #<SB-SYS:FD-STREAM for "file /home/acl2/books/std/util/defmapping.lisp" {10210BA253}>
  → Failed

[1297/1503] Processing /home/acl2/books/std/util/defmax-nat-doc.lisp...
Error reading /home/acl2/books/std/util/defmax-nat-doc.lisp: Package XDOC does not exist.

                                                               Stream: #<SB-SYS:FD-STREAM for "file /home/acl2/books/std/util/defmax-nat-doc.lisp" {10210BDEB3}>
  → Failed

[1298/1503] Processing /home/acl2/books/std/util/defmax-nat-template.lisp...
  → Generated 2 definitions

[1299/1503] Processing /home/acl2/books/std/util/defmax-nat-tests.lisp...
  → Failed

[1300/1503] Processing /home/acl2/books/std/util/defmax-nat.lisp...
Error reading /home/acl2/books/std/util/defmax-nat.lisp: Package XDOC does not exist.

                                                           Stream: #<SB-SYS:FD-STREAM for "file /home/acl2/books/std/util/defmax-nat.lisp" {10210E7343}>
  → Failed

[1301/1503] Processing /home/acl2/books/std/util/defmin-int-doc.lisp...
Error reading /home/acl2/books/std/util/defmin-int-doc.lisp: Package XDOC does not exist.

                                                               Stream: #<SB-SYS:FD-STREAM for "file /home/acl2/books/std/util/defmin-int-doc.lisp" {10210EA703}>
  → Failed

[1302/1503] Processing /home/acl2/books/std/util/defmin-int-template.lisp...
  → Generated 2 definitions

[1303/1503] Processing /home/acl2/books/std/util/defmin-int-tests.lisp...
  → Failed

[1304/1503] Processing /home/acl2/books/std/util/defmin-int.lisp...
Error reading /home/acl2/books/std/util/defmin-int.lisp: Package XDOC does not exist.

                                                           Stream: #<SB-SYS:FD-STREAM for "file /home/acl2/books/std/util/defmin-int.lisp" {1021103A03}>
  → Failed

[1305/1503] Processing /home/acl2/books/std/util/defmvtypes-tests.lisp...
  → Failed

[1306/1503] Processing /home/acl2/books/std/util/defmvtypes.lisp...
  → Generated 6 definitions

[1307/1503] Processing /home/acl2/books/std/util/defprojection.lisp...
Error reading /home/acl2/books/std/util/defprojection.lisp: no dispatch function defined for #\!

                                                              Stream: #<SB-SYS:FD-STREAM for "file /home/acl2/books/std/util/defprojection.lisp" {1021126703}>
  → Failed

[1308/1503] Processing /home/acl2/books/std/util/defredundant-tests.lisp...
  → Failed

[1309/1503] Processing /home/acl2/books/std/util/defredundant.lisp...
Warning - Error processing DEFUN REDUNDANT-CLEAN-UP-DEFUN - The value
                                                              ,(ACCESS
                                                                JUSTIFICATION
                                                                JUST :SUBSET)

                                                            is not of type
                                                              SEQUENCE
Warning - Error processing DEFUN REDUNDANT-MUTREC - The value
                                                      ,CLEANED-UP-DEFUNS
                                                    is not of type
                                                      SEQUENCE
Warning - Error processing DEFUN DEFREDUNDANT-FN - The value
                                                     ,EVENTS
                                                   is not of type
                                                     LIST
  → Generated 22 definitions

[1310/1503] Processing /home/acl2/books/std/util/defret-mutual-generate.lisp...
Warning - Error processing DEFUN DMGEN-HYPS-AND-CONCLS-TO-EXPRESSION - The
                                                                       value
                                                                         ,CONCLS

                                                                       is not
                                                                       of type
                                                                         SEQUENCE
  → Generated 56 definitions

[1311/1503] Processing /home/acl2/books/std/util/defretgen.lisp...
  → Generated 23 definitions

[1312/1503] Processing /home/acl2/books/std/util/defrule.lisp...
Warning - Error processing DEFUN SPLIT-ALIST - The value
                                                 216895848489
                                               is not of type
                                                 SEQUENCE
Warning - Error processing DEFUN DEFRULE-FN - The value
                                                ,E/D
                                              is not of type
                                                LIST
  → Generated 3 definitions

[1313/1503] Processing /home/acl2/books/std/util/defsum.lisp...
Error reading /home/acl2/books/std/util/defsum.lisp: Package XDOC does not exist.

                                                       Stream: #<SB-SYS:FD-STREAM for "file /home/acl2/books/std/util/defsum.lisp" {1021540933}>
  → Failed

[1314/1503] Processing /home/acl2/books/std/util/defsurj-doc.lisp...
Error reading /home/acl2/books/std/util/defsurj-doc.lisp: Package XDOC does not exist.

                                                            Stream: #<SB-SYS:FD-STREAM for "file /home/acl2/books/std/util/defsurj-doc.lisp" {1021545793}>
  → Failed

[1315/1503] Processing /home/acl2/books/std/util/defsurj.lisp...
Error reading /home/acl2/books/std/util/defsurj.lisp: Package XDOC does not exist.

                                                        Stream: #<SB-SYS:FD-STREAM for "file /home/acl2/books/std/util/defsurj.lisp" {10215488B3}>
  → Failed

[1316/1503] Processing /home/acl2/books/std/util/defthm-commutative.lisp...
Error reading /home/acl2/books/std/util/defthm-commutative.lisp: Package XDOC does not exist.

                                                                   Stream: #<SB-SYS:FD-STREAM for "file /home/acl2/books/std/util/defthm-commutative.lisp" {102154B9D3}>
  → Failed

[1317/1503] Processing /home/acl2/books/std/util/deftutorial-doc.lisp...
Error reading /home/acl2/books/std/util/deftutorial-doc.lisp: Package XDOC does not exist.

                                                                Stream: #<SB-SYS:FD-STREAM for "file /home/acl2/books/std/util/deftutorial-doc.lisp" {102154EB23}>
  → Failed

[1318/1503] Processing /home/acl2/books/std/util/deftutorial-tests.lisp...
Error reading /home/acl2/books/std/util/deftutorial-tests.lisp: Package XDOC does not exist.

                                                                  Stream: #<SB-SYS:FD-STREAM for "file /home/acl2/books/std/util/deftutorial-tests.lisp" {1021561E73}>
  → Failed

[1319/1503] Processing /home/acl2/books/std/util/deftutorial.lisp...
Error reading /home/acl2/books/std/util/deftutorial.lisp: Package XDOC does not exist.

                                                            Stream: #<SB-SYS:FD-STREAM for "file /home/acl2/books/std/util/deftutorial.lisp" {1021564EA3}>
  → Failed

[1320/1503] Processing /home/acl2/books/std/util/defund-sk-doc.lisp...
Error reading /home/acl2/books/std/util/defund-sk-doc.lisp: Package XDOC does not exist.

                                                              Stream: #<SB-SYS:FD-STREAM for "file /home/acl2/books/std/util/defund-sk-doc.lisp" {1021567FC3}>
  → Failed

[1321/1503] Processing /home/acl2/books/std/util/defund-sk-tests.lisp...
  → Failed

[1322/1503] Processing /home/acl2/books/std/util/defund-sk.lisp...
Error reading /home/acl2/books/std/util/defund-sk.lisp: Package XDOC does not exist.

                                                          Stream: #<SB-SYS:FD-STREAM for "file /home/acl2/books/std/util/defund-sk.lisp" {102156C8A3}>
  → Failed

[1323/1503] Processing /home/acl2/books/std/util/defval.lisp...
Error reading /home/acl2/books/std/util/defval.lisp: Package XDOC does not exist.

                                                       Stream: #<SB-SYS:FD-STREAM for "file /home/acl2/books/std/util/defval.lisp" {102156F933}>
  → Failed

[1324/1503] Processing /home/acl2/books/std/util/error-value-tuples-tests.lisp...
  → Failed

[1325/1503] Processing /home/acl2/books/std/util/error-value-tuples.lisp...
Error reading /home/acl2/books/std/util/error-value-tuples.lisp: Package XDOC does not exist.

                                                                   Stream: #<SB-SYS:FD-STREAM for "file /home/acl2/books/std/util/error-value-tuples.lisp" {102157C643}>
  → Failed

[1326/1503] Processing /home/acl2/books/std/util/extensions/assert-return-thms.lisp...
Error reading /home/acl2/books/std/util/extensions/assert-return-thms.lisp: no dispatch function defined for #\!

                                                                              Stream: #<SB-SYS:FD-STREAM for "file /home/acl2/books/std/util/extensions/assert-return-thms.lisp" {102157FA03}>
  → Failed

[1327/1503] Processing /home/acl2/books/std/util/formals-tests.lisp...
  → Failed

[1328/1503] Processing /home/acl2/books/std/util/formals.lisp...
Warning - Error processing DEFUN PARSE-FORMAL-ITEM - The value
                                                       216895848489
                                                     is not of type
                                                       SEQUENCE
Warning - Error processing DEFUN PARSE-FORMAL-ITEMS - The value
                                                        216895848489
                                                      is not of type
                                                        SEQUENCE
Warning - Error processing DEFUN PARSE-FORMAL - The value
                                                  216895848489
                                                is not of type
                                                  SEQUENCE
  → Generated 12 definitions

[1329/1503] Processing /home/acl2/books/std/util/generate-symbol.lisp...
  → Generated 2 definitions

[1330/1503] Processing /home/acl2/books/std/util/look-up-tests.lisp...
  → Failed

[1331/1503] Processing /home/acl2/books/std/util/look-up.lisp...
  → Failed

[1332/1503] Processing /home/acl2/books/std/util/maybe-defthm-tests.lisp...
  → Failed

[1333/1503] Processing /home/acl2/books/std/util/maybe-defthm.lisp...
  → Generated 1 definitions

[1334/1503] Processing /home/acl2/books/std/util/returnspecs-tests.lisp...
  → Failed

[1335/1503] Processing /home/acl2/books/std/util/returnspecs.lisp...
Error reading /home/acl2/books/std/util/returnspecs.lisp: Package STD does not exist.

                                                            Stream: #<SB-SYS:FD-STREAM for "file /home/acl2/books/std/util/returnspecs.lisp" {10215F9F83}>
  → Failed

[1336/1503] Processing /home/acl2/books/std/util/support.lisp...
  → Generated 3 definitions

[1337/1503] Processing /home/acl2/books/std/util/termhints.lisp...
Warning - Error processing DEFUN TERMHINT-UNHIDE - Error processing /home/acl2/books/std/util/termhints.lisp: The
                                                                                                              slot
                                                                                                              SB-KERNEL::DATUM
                                                                                                              is
                                                                                                              unbound
                                                                                                              in
                                                                                                              the
                                                                                                              object
Error during printing.
The slot SB-KERNEL::DATUM is unbound in an instance of COMMON-LISP:TYPE-ERROR.
  → Failed

[1338/1503] Processing /home/acl2/books/std/util/tests/bstar.lisp...
  → Generated 4 definitions

[1339/1503] Processing /home/acl2/books/std/util/tests/defaggregate.lisp...
Error reading /home/acl2/books/std/util/tests/defaggregate.lisp: Package STD does not exist.

                                                                   Stream: #<SB-SYS:FD-STREAM for "file /home/acl2/books/std/util/tests/defaggregate.lisp" {1021690413}>
  → Failed

[1340/1503] Processing /home/acl2/books/std/util/tests/defaggrify-defrec.lisp...
Error reading /home/acl2/books/std/util/tests/defaggrify-defrec.lisp: Package STD does not exist.

                                                                        Stream: #<SB-SYS:FD-STREAM for "file /home/acl2/books/std/util/tests/defaggrify-defrec.lisp" {10216935B3}>
  → Failed

[1341/1503] Processing /home/acl2/books/std/util/tests/defalist.lisp...
Error reading /home/acl2/books/std/util/tests/defalist.lisp: no dispatch function defined for #\!

                                                               Stream: #<SB-SYS:FD-STREAM for "file /home/acl2/books/std/util/tests/defalist.lisp" {1021696613}>
  → Failed

[1342/1503] Processing /home/acl2/books/std/util/tests/defarbrec.lisp...
  → Failed

[1343/1503] Processing /home/acl2/books/std/util/tests/define-sk.lisp...
Error reading /home/acl2/books/std/util/tests/define-sk.lisp: no dispatch function defined for #\!

                                                                Stream: #<SB-SYS:FD-STREAM for "file /home/acl2/books/std/util/tests/define-sk.lisp" {102169B003}>
  → Failed

[1344/1503] Processing /home/acl2/books/std/util/tests/define.lisp...
Error reading /home/acl2/books/std/util/tests/define.lisp: Package XDOC does not exist.

                                                             Stream: #<SB-SYS:FD-STREAM for "file /home/acl2/books/std/util/tests/define.lisp" {102169E1E3}>
  → Failed

[1345/1503] Processing /home/acl2/books/std/util/tests/defines.lisp...
Error reading /home/acl2/books/std/util/tests/defines.lisp: Package XDOC does not exist.

                                                              Stream: #<SB-SYS:FD-STREAM for "file /home/acl2/books/std/util/tests/defines.lisp" {10216C1583}>
  → Failed

[1346/1503] Processing /home/acl2/books/std/util/tests/deflist.lisp...
Error reading /home/acl2/books/std/util/tests/deflist.lisp: no dispatch function defined for #\!

                                                              Stream: #<SB-SYS:FD-STREAM for "file /home/acl2/books/std/util/tests/deflist.lisp" {10216C4743}>
  → Failed

[1347/1503] Processing /home/acl2/books/std/util/tests/defmapappend.lisp...
Error reading /home/acl2/books/std/util/tests/defmapappend.lisp: Package XDOC does not exist.

                                                                   Stream: #<SB-SYS:FD-STREAM for "file /home/acl2/books/std/util/tests/defmapappend.lisp" {10216C7A93}>
  → Failed

[1348/1503] Processing /home/acl2/books/std/util/tests/defprojection.lisp...
Error reading /home/acl2/books/std/util/tests/defprojection.lisp: Package XDOC does not exist.

                                                                    Stream: #<SB-SYS:FD-STREAM for "file /home/acl2/books/std/util/tests/defprojection.lisp" {10216CAC53}>
  → Failed

[1349/1503] Processing /home/acl2/books/std/util/tests/defredundant.lisp...
  → Failed

[1350/1503] Processing /home/acl2/books/std/util/tests/defrule.lisp...
Error reading /home/acl2/books/std/util/tests/defrule.lisp: no dispatch function defined for #\!

                                                              Stream: #<SB-SYS:FD-STREAM for "file /home/acl2/books/std/util/tests/defrule.lisp" {10216CF8C3}>
  → Failed

[1351/1503] Processing /home/acl2/books/std/util/tests/defval.lisp...
Error reading /home/acl2/books/std/util/tests/defval.lisp: Package XDOC does not exist.

                                                             Stream: #<SB-SYS:FD-STREAM for "file /home/acl2/books/std/util/tests/defval.lisp" {10216E3013}>
  → Failed

[1352/1503] Processing /home/acl2/books/std/util/tests/top.lisp...
  → Failed

[1353/1503] Processing /home/acl2/books/std/util/tests/utils.lisp...
  → Failed

[1354/1503] Processing /home/acl2/books/std/util/top.lisp...
Error reading /home/acl2/books/std/util/top.lisp: Package XDOC does not exist.

                                                    Stream: #<SB-SYS:FD-STREAM for "file /home/acl2/books/std/util/top.lisp" {10216E9303}>
  → Failed

[1355/1503] Processing /home/acl2/books/std/util/tuple.lisp...
Error reading /home/acl2/books/std/util/tuple.lisp: Package XDOC does not exist.

                                                      Stream: #<SB-SYS:FD-STREAM for "file /home/acl2/books/std/util/tuple.lisp" {10216F0F93}>
  → Failed

[1356/1503] Processing /home/acl2/books/std/util/wizard.lisp...
Error reading /home/acl2/books/std/util/wizard.lisp: Package STD does not exist.

                                                       Stream: #<SB-SYS:FD-STREAM for "file /home/acl2/books/std/util/wizard.lisp" {10216F40D3}>
  → Failed

[1357/1503] Processing /home/acl2/books/system/all-fnnames.lisp...
  → Failed

[1358/1503] Processing /home/acl2/books/system/apply/apply-constraints.lisp...
  → Failed

[1359/1503] Processing /home/acl2/books/system/apply/apply-prim-support.lisp...
  → Generated 1 definitions

[1360/1503] Processing /home/acl2/books/system/apply/apply-prim.lisp...
  → Generated 2 definitions

[1361/1503] Processing /home/acl2/books/system/apply/apply.lisp...
  → Generated 7 definitions

[1362/1503] Processing /home/acl2/books/system/bind-macro-args.lisp...
  → Failed

[1363/1503] Processing /home/acl2/books/system/case-match.lisp...
  → Failed

[1364/1503] Processing /home/acl2/books/system/convert-normalized-term-to-pairs.lisp...
  → Generated 4 definitions

[1365/1503] Processing /home/acl2/books/system/defstobj.lisp...
  → Failed

[1366/1503] Processing /home/acl2/books/system/doc/acl2-doc-wrap.lisp...
Error reading /home/acl2/books/system/doc/acl2-doc-wrap.lisp: no dispatch function defined for #\!

                                                                Stream: #<SB-SYS:FD-STREAM for "file /home/acl2/books/system/doc/acl2-doc-wrap.lisp" {102174CC73}>
  → Failed

[1367/1503] Processing /home/acl2/books/system/doc/acl2-doc.lisp...
Error reading /home/acl2/books/system/doc/acl2-doc.lisp: Package ACL2S does not exist.

                                                           Stream: #<SB-SYS:FD-STREAM for "file /home/acl2/books/system/doc/acl2-doc.lisp" {102174FCA3}>
  → Failed

[1368/1503] Processing /home/acl2/books/system/doc/portcullis.lisp...
  → Failed

[1369/1503] Processing /home/acl2/books/system/extend-pathname.lisp...
  → Failed

[1370/1503] Processing /home/acl2/books/system/f-put-global.lisp...
  → Failed

[1371/1503] Processing /home/acl2/books/system/fmx-cw-support.lisp...
  → Failed

[1372/1503] Processing /home/acl2/books/system/fmx-cw.lisp...
  → Failed

[1373/1503] Processing /home/acl2/books/system/hl-addr-combine.lisp...
  → Failed

[1374/1503] Processing /home/acl2/books/system/kestrel.lisp...
  → Failed

[1375/1503] Processing /home/acl2/books/system/legal-variablep.lisp...
  → Failed

[1376/1503] Processing /home/acl2/books/system/merge-sort-symbol-lt.lisp...
  → Failed

[1377/1503] Processing /home/acl2/books/system/merge-sort-term-order.lisp...
  → Generated 1 definitions

[1378/1503] Processing /home/acl2/books/system/meta-extract.lisp...
  → Failed

[1379/1503] Processing /home/acl2/books/system/observation1-cw.lisp...
  → Failed

[1380/1503] Processing /home/acl2/books/system/origin.lisp...
  → Generated 1 definitions

[1381/1503] Processing /home/acl2/books/system/pseudo-command-formp.lisp...
  → Failed

[1382/1503] Processing /home/acl2/books/system/pseudo-command-landmarkp.lisp...
  → Failed

[1383/1503] Processing /home/acl2/books/system/pseudo-event-form-listp.lisp...
  → Failed

[1384/1503] Processing /home/acl2/books/system/pseudo-event-formp.lisp...
  → Failed

[1385/1503] Processing /home/acl2/books/system/pseudo-event-landmarkp.lisp...
  → Failed

[1386/1503] Processing /home/acl2/books/system/pseudo-good-worldp.lisp...
  → Generated 225 definitions

[1387/1503] Processing /home/acl2/books/system/pseudo-termp-lemmas.lisp...
  → Failed

[1388/1503] Processing /home/acl2/books/system/pseudo-tests-and-calls-listp.lisp...
  → Failed

[1389/1503] Processing /home/acl2/books/system/pseudo-tests-and-callsp.lisp...
  → Failed

[1390/1503] Processing /home/acl2/books/system/remove-guard-holders-weak.lisp...
  → Failed

[1391/1503] Processing /home/acl2/books/system/remove-guard-holders.lisp...
  → Failed

[1392/1503] Processing /home/acl2/books/system/remove-guard-holders1.lisp...
  → Failed

[1393/1503] Processing /home/acl2/books/system/subcor-var.lisp...
  → Failed

[1394/1503] Processing /home/acl2/books/system/sublis-var.lisp...
  → Failed

[1395/1503] Processing /home/acl2/books/system/subst-expr.lisp...
  → Failed

[1396/1503] Processing /home/acl2/books/system/subst-var.lisp...
  → Failed

[1397/1503] Processing /home/acl2/books/system/termp.lisp...
  → Failed

[1398/1503] Processing /home/acl2/books/system/top.lisp...
  → Failed

[1399/1503] Processing /home/acl2/books/system/verified-termination-and-guards.lisp...
  → Failed

[1400/1503] Processing /home/acl2/books/tools/advise.lisp...
  → Generated 3 definitions

[1401/1503] Processing /home/acl2/books/tools/bstar.lisp...
  → Failed

[1402/1503] Processing /home/acl2/books/tools/btree.lisp...
  → Generated 7 definitions

[1403/1503] Processing /home/acl2/books/tools/case-splitting-rules.lisp...
Warning - Error processing DEFUN EASY-TRANSLATE - The value
                                                    216895848489
                                                  is not of type
                                                    SEQUENCE
  → Generated 5 definitions

[1404/1503] Processing /home/acl2/books/tools/clone-stobj.lisp...
  → Failed

[1405/1503] Processing /home/acl2/books/tools/cws.lisp...
  → Generated 1 definitions

[1406/1503] Processing /home/acl2/books/tools/dead-events.lisp...
  → Generated 13 definitions

[1407/1503] Processing /home/acl2/books/tools/def-functional-instance.lisp...
  → Generated 2 definitions

[1408/1503] Processing /home/acl2/books/tools/defevaluator-fast.lisp...
  → Generated 1 definitions

[1409/1503] Processing /home/acl2/books/tools/define-keyed-function.lisp...
  → Generated 2 definitions

[1410/1503] Processing /home/acl2/books/tools/defined-const.lisp...
  → Generated 1 definitions

[1411/1503] Processing /home/acl2/books/tools/defmacfun.lisp...
Warning - Error processing DEFUN DEFMACFUN-FN - The value
                                                  ,BODYLST
                                                is not of type
                                                  LIST
  → Generated 11 definitions

[1412/1503] Processing /home/acl2/books/tools/defsum.lisp...
  → Generated 90 definitions

[1413/1503] Processing /home/acl2/books/tools/defthmg.lisp...
  → Generated 3 definitions

[1414/1503] Processing /home/acl2/books/tools/defttag-muffled.lisp...
  → Failed

[1415/1503] Processing /home/acl2/books/tools/deftuple.lisp...
  → Generated 22 definitions

[1416/1503] Processing /home/acl2/books/tools/do-not.lisp...
  → Generated 2 definitions

[1417/1503] Processing /home/acl2/books/tools/easy-simplify.lisp...
  → Generated 2 definitions

[1418/1503] Processing /home/acl2/books/tools/equality-with-hons-copy.lisp...
  → Generated 2 definitions

[1419/1503] Processing /home/acl2/books/tools/er-soft-logic.lisp...
  → Generated 2 definitions

[1420/1503] Processing /home/acl2/books/tools/fake-event.lisp...
  → Generated 1 definitions

[1421/1503] Processing /home/acl2/books/tools/flag-tests.lisp...
Error reading /home/acl2/books/tools/flag-tests.lisp: Package FLAG does not exist.

                                                        Stream: #<SB-SYS:FD-STREAM for "file /home/acl2/books/tools/flag-tests.lisp" {1022321C53}>
  → Failed

[1422/1503] Processing /home/acl2/books/tools/flag.lisp...
Error reading /home/acl2/books/tools/flag.lisp: no dispatch function defined for #\!

                                                  Stream: #<SB-SYS:FD-STREAM for "file /home/acl2/books/tools/flag.lisp" {1022324C43}>
  → Failed

[1423/1503] Processing /home/acl2/books/tools/in-raw-mode.lisp...
  → Failed

[1424/1503] Processing /home/acl2/books/tools/include-an-arithmetic-book.lisp...
  → Failed

[1425/1503] Processing /home/acl2/books/tools/include-raw.lisp...
  → Failed

[1426/1503] Processing /home/acl2/books/tools/k-induction.lisp...
  → Generated 3 definitions

[1427/1503] Processing /home/acl2/books/tools/last-theory-change.lisp...
  → Generated 3 definitions

[1428/1503] Processing /home/acl2/books/tools/lint.lisp...
Error reading /home/acl2/books/tools/lint.lisp: Package STD does not exist.

                                                  Stream: #<SB-SYS:FD-STREAM for "file /home/acl2/books/tools/lint.lisp" {1022358B13}>
  → Failed

[1429/1503] Processing /home/acl2/books/tools/match-tree.lisp...
Warning - Error processing DEFUN MATCH-TREE-INITIAL-ALIST-TERM - The value
                                                                   ,(MATCH-TREE-INITIAL-ALIST-LST
                                                                     VARS)

                                                                 is not of type
                                                                   SEQUENCE
Warning - Error processing DEFUN TREEMATCH*-FN - The value
                                                   ,(CDAR PATS)
                                                 is not of type
                                                   SEQUENCE
Warning - Error processing DEFUN MATCH-TREE-REWRITES-VAR-FN - The value
                                                                ,VARS!
                                                              is not of type
                                                                SEQUENCE
Warning - Error processing DEFUN MATCH-TREE-RW-MEASURE-THM - The value
                                                               ,(AND
                                                                 (NOT
                                                                  (ATOM PAT))
                                                                 (NOT
                                                                  (MATCH-TREE-BINDER-P
                                                                   PAT))
                                                                 `((DEFTHM
                                                                    ,THMNAME-STRONG
                                                                    (IMPLIES
                                                                     (MV-NTH 0
                                                                             (MATCH-TREE
                                                                              ',PAT
                                                                              X
                                                                              ,(MATCH-TREE-INITIAL-ALIST-TERM
                                                                                VARS!)))
                                                                     (<
                                                                      (ACL2-COUNT
                                                                       (,FNNAME
                                                                        X
                                                                        . ,VARS!))
                                                                      (ACL2-COUNT
                                                                       X)))
                                                                    :HINTS
                                                                    (("Goal"
                                                                      :IN-THEORY
                                                                      (ENABLE
                                                                       ,FNNAME)))
                                                                    :RULE-CLASSES
                                                                    :LINEAR)))

                                                             is not of type
                                                               SEQUENCE
Warning - Error processing DEFUN MATCH-TREE-REWRITES-VAR-RW - The value
                                                                ,VARS!
                                                              is not of type
                                                                LIST
Warning - Error processing DEFUN DEF-MATCH-TREE-REWRITES-FN - The value
                                                                ,RW-EVENTS
                                                              is not of type
                                                                LIST
  → Generated 20 definitions

[1430/1503] Processing /home/acl2/books/tools/memoize-prover-fns.lisp...
  → Generated 4 definitions

[1431/1503] Processing /home/acl2/books/tools/mv-nth.lisp...
  → Failed

[1432/1503] Processing /home/acl2/books/tools/names-after.lisp...
  → Generated 3 definitions

[1433/1503] Processing /home/acl2/books/tools/nld.lisp...
Warning - Error processing DEFUN PREPEND-LD-RESULT - The value
                                                       ,REST
                                                     is not of type
                                                       LIST
  → Generated 1 definitions

[1434/1503] Processing /home/acl2/books/tools/open-trace-file-bang.lisp...
  → Failed

[1435/1503] Processing /home/acl2/books/tools/oracle-eval-real.lisp...
  → Generated 1 definitions

[1436/1503] Processing /home/acl2/books/tools/oracle-eval.lisp...
  → Failed

[1437/1503] Processing /home/acl2/books/tools/oracle-time.lisp...
Warning - Error processing DEFUN ORACLE-TIME-FN - The value
                                                    ,RETURN-SPLICE
                                                  is not of type
                                                    LIST
  → Failed

[1438/1503] Processing /home/acl2/books/tools/oracle-timelimit.lisp...
Warning - Error processing DEFUN ORACLE-TIMELIMIT-FN - The value
                                                         ,SUCCESS-SPLICE
                                                       is not of type
                                                         LIST
  → Failed

[1439/1503] Processing /home/acl2/books/tools/pattern-match.lisp...
  → Generated 11 definitions

[1440/1503] Processing /home/acl2/books/tools/plev-ccl.lisp...
  → Generated 1 definitions

[1441/1503] Processing /home/acl2/books/tools/plev.lisp...
  → Failed

[1442/1503] Processing /home/acl2/books/tools/prettygoals/doc.lisp...
  → Failed

[1443/1503] Processing /home/acl2/books/tools/prettygoals/portcullis.lisp...
  → Failed

[1444/1503] Processing /home/acl2/books/tools/prettygoals/top.lisp...
Error reading /home/acl2/books/tools/prettygoals/top.lisp: Package STR does not exist.

                                                             Stream: #<SB-SYS:FD-STREAM for "file /home/acl2/books/tools/prettygoals/top.lisp" {10225BBAB3}>
  → Failed

[1445/1503] Processing /home/acl2/books/tools/prove-dollar-tests.lisp...
  → Generated 2 definitions

[1446/1503] Processing /home/acl2/books/tools/prove-dollar.lisp...
  → Generated 5 definitions

[1447/1503] Processing /home/acl2/books/tools/removable-runes.lisp...
  → Generated 10 definitions

[1448/1503] Processing /home/acl2/books/tools/remove-hyps.lisp...
  → Generated 7 definitions

[1449/1503] Processing /home/acl2/books/tools/rewrite-dollar-book.lisp...
  → Failed

[1450/1503] Processing /home/acl2/books/tools/rewrite-dollar.lisp...
  → Generated 30 definitions

[1451/1503] Processing /home/acl2/books/tools/rewrite-with-equality.lisp...
  → Generated 6 definitions

[1452/1503] Processing /home/acl2/books/tools/rulesets.lisp...
  → Generated 11 definitions

[1453/1503] Processing /home/acl2/books/tools/run-script.lisp...
  → Generated 2 definitions

[1454/1503] Processing /home/acl2/books/tools/safe-case.lisp...
  → Failed

[1455/1503] Processing /home/acl2/books/tools/save-obligs.lisp...
Error reading /home/acl2/books/tools/save-obligs.lisp: Package STD does not exist.

                                                         Stream: #<SB-SYS:FD-STREAM for "file /home/acl2/books/tools/save-obligs.lisp" {1022D6F8B3}>
  → Failed

[1456/1503] Processing /home/acl2/books/tools/saved-errors.lisp...
  → Generated 2 definitions

[1457/1503] Processing /home/acl2/books/tools/show-diff-lines.lisp...
  → Generated 5 definitions

[1458/1503] Processing /home/acl2/books/tools/some-events.lisp...
  → Generated 2 definitions

[1459/1503] Processing /home/acl2/books/tools/stobj-frame.lisp...
Warning - Error processing DEFUN DEF-STOBJ-FRAME-FN - The value
                                                        ,FRAMEFORMS
                                                      is not of type
                                                        LIST
  → Generated 9 definitions

[1460/1503] Processing /home/acl2/books/tools/stobj-help.lisp...
  → Generated 19 definitions

[1461/1503] Processing /home/acl2/books/tools/symlet.lisp...
  → Failed

[1462/1503] Processing /home/acl2/books/tools/table-replay.lisp...
  → Generated 1 definitions

[1463/1503] Processing /home/acl2/books/tools/templates.lisp...
Error reading /home/acl2/books/tools/templates.lisp: Package STD does not exist.

                                                       Stream: #<SB-SYS:FD-STREAM for "file /home/acl2/books/tools/templates.lisp" {1022FAF883}>
  → Failed

[1464/1503] Processing /home/acl2/books/tools/theory-tools.lisp...
  → Generated 4 definitions

[1465/1503] Processing /home/acl2/books/tools/time-dollar-with-gc.lisp...
  → Failed

[1466/1503] Processing /home/acl2/books/tools/top.lisp...
  → Failed

[1467/1503] Processing /home/acl2/books/tools/trivial-ancestors-check.lisp...
  → Generated 2 definitions

[1468/1503] Processing /home/acl2/books/tools/types-misc.lisp...
  → Generated 20 definitions

[1469/1503] Processing /home/acl2/books/tools/untranslate-for-exec-tests.lisp...
Warning - Error processing DEFUN REBUILD-FUNCTION-FN - The value
                                                         ,FORMALS
                                                       is not of type
                                                         SEQUENCE
CORRUPTION WARNING in SBCL pid 25007 tid 25007:
Memory fault at 0x3 (pc=0x100c628a90)
The integrity of this image is possibly compromised.
Continuing with fingers crossed.
Warning - Error processing DEFUN F1 - Unhandled memory fault at #x3.
Warning - Error processing DEFUN F2 - Error processing /home/acl2/books/tools/untranslate-for-exec-tests.lisp: The
                                                                                                               slot
                                                                                                               SB-KERNEL::DATUM 
                                                                                                               is
                                                                                                               unbound
                                                                                                               in
                                                                                                               the
                                                                                                               object
Error during printing.
The slot SB-KERNEL::DATUM is unbound in an instance of COMMON-LISP:TYPE-ERROR.
  → Failed

[1470/1503] Processing /home/acl2/books/tools/untranslate-for-exec.lisp...
  → Failed

[1471/1503] Processing /home/acl2/books/tools/with-arith-help.lisp...
  → Generated 1 definitions

[1472/1503] Processing /home/acl2/books/tools/with-arith1-help.lisp...
  → Generated 2 definitions

[1473/1503] Processing /home/acl2/books/tools/with-arith5-help.lisp...
  → Generated 2 definitions

[1474/1503] Processing /home/acl2/books/tools/with-quoted-forms.lisp...
Warning - Error processing DEFUN FQ - Error processing /home/acl2/books/tools/with-quoted-forms.lisp: The
                                                                                                      slot
                                                                                                      SB-KERNEL::DATUM
                                                                                                      is
                                                                                                      unbound
                                                                                                      in
                                                                                                      the
                                                                                                      object
Error during printing.
The slot SB-KERNEL::DATUM is unbound in an instance of COMMON-LISP:TYPE-ERROR.
  → Failed

[1475/1503] Processing /home/acl2/books/tools/with-supporters-doc.lisp...
  → Failed

[1476/1503] Processing /home/acl2/books/tools/with-supporters-test-sub.lisp...
Warning - Error processing DEFUN MAC1-FN - Error processing /home/acl2/books/tools/with-supporters-test-sub.lisp: The
                                                                                                                  slot
                                                                                                                  SB-KERNEL::DATUM
                                                                                                                  is
                                                                                                                  unbound
                                                                                                                  in
                                                                                                                  the
                                                                                                                  object
Error during printing.
The slot SB-KERNEL::DATUM is unbound in an instance of COMMON-LISP:TYPE-ERROR.
  → Failed

[1477/1503] Processing /home/acl2/books/tools/with-supporters-test-top.lisp...
  → Failed

[1478/1503] Processing /home/acl2/books/tools/with-supporters.lisp...
  → Generated 24 definitions

[1479/1503] Processing /home/acl2/books/tools/without-subsumption.lisp...
  → Failed

[1480/1503] Processing /home/acl2/books/xdoc/autolink.lisp...
Error reading /home/acl2/books/xdoc/autolink.lisp: Package STR does not exist.

                                                     Stream: #<SB-SYS:FD-STREAM for "file /home/acl2/books/xdoc/autolink.lisp" {1023267D43}>
  → Failed

[1481/1503] Processing /home/acl2/books/xdoc/base.lisp...
  → Generated 11 definitions

[1482/1503] Processing /home/acl2/books/xdoc/book-thms.lisp...
  → Generated 7 definitions

[1483/1503] Processing /home/acl2/books/xdoc/constructors.lisp...
Error reading /home/acl2/books/xdoc/constructors.lisp: Package XDOC does not exist.

                                                         Stream: #<SB-SYS:FD-STREAM for "file /home/acl2/books/xdoc/constructors.lisp" {10232FB6E3}>
  → Failed

[1484/1503] Processing /home/acl2/books/xdoc/debug.lisp...
  → Failed

[1485/1503] Processing /home/acl2/books/xdoc/defxdoc-plus.lisp...
Error reading /home/acl2/books/xdoc/defxdoc-plus.lisp: Package XDOC does not exist.

                                                         Stream: #<SB-SYS:FD-STREAM for "file /home/acl2/books/xdoc/defxdoc-plus.lisp" {1023323AB3}>
  → Failed

[1486/1503] Processing /home/acl2/books/xdoc/defxdoc-raw.lisp...
  → Generated 1 definitions

[1487/1503] Processing /home/acl2/books/xdoc/display.lisp...
Error reading /home/acl2/books/xdoc/display.lisp: Package STR does not exist.

                                                    Stream: #<SB-SYS:FD-STREAM for "file /home/acl2/books/xdoc/display.lisp" {1023329DB3}>
  → Failed

[1488/1503] Processing /home/acl2/books/xdoc/fmt-to-str-orig.lisp...
  → Generated 2 definitions

[1489/1503] Processing /home/acl2/books/xdoc/fmt-to-str.lisp...
Error reading /home/acl2/books/xdoc/fmt-to-str.lisp: Package STR does not exist.

                                                       Stream: #<SB-SYS:FD-STREAM for "file /home/acl2/books/xdoc/fmt-to-str.lisp" {1023394BD3}>
  → Failed

[1490/1503] Processing /home/acl2/books/xdoc/full-escape-symbol.lisp...
  → Generated 1 definitions

[1491/1503] Processing /home/acl2/books/xdoc/init.lisp...
Error reading /home/acl2/books/xdoc/init.lisp: Package XDOC does not exist.

                                                 Stream: #<SB-SYS:FD-STREAM for "file /home/acl2/books/xdoc/init.lisp" {102339AD93}>
  → Failed

[1492/1503] Processing /home/acl2/books/xdoc/names.lisp...
Error reading /home/acl2/books/xdoc/names.lisp: Package STR does not exist.

                                                  Stream: #<SB-SYS:FD-STREAM for "file /home/acl2/books/xdoc/names.lisp" {102339DE43}>
  → Failed

[1493/1503] Processing /home/acl2/books/xdoc/parse-xml.lisp...
Error reading /home/acl2/books/xdoc/parse-xml.lisp: Package STR does not exist.

                                                      Stream: #<SB-SYS:FD-STREAM for "file /home/acl2/books/xdoc/parse-xml.lisp" {10233B0F73}>
  → Failed

[1494/1503] Processing /home/acl2/books/xdoc/prepare-topic.lisp...
Error reading /home/acl2/books/xdoc/prepare-topic.lisp: Package STR does not exist.

                                                          Stream: #<SB-SYS:FD-STREAM for "file /home/acl2/books/xdoc/prepare-topic.lisp" {10233B3F33}>
  → Failed

[1495/1503] Processing /home/acl2/books/xdoc/preprocess.lisp...
Error reading /home/acl2/books/xdoc/preprocess.lisp: Package STR does not exist.

                                                       Stream: #<SB-SYS:FD-STREAM for "file /home/acl2/books/xdoc/preprocess.lisp" {10233B6FF3}>
  → Failed

[1496/1503] Processing /home/acl2/books/xdoc/spellcheck.lisp...
Error reading /home/acl2/books/xdoc/spellcheck.lisp: Package STR does not exist.

                                                       Stream: #<SB-SYS:FD-STREAM for "file /home/acl2/books/xdoc/spellcheck.lisp" {10233BA203}>
  → Failed

[1497/1503] Processing /home/acl2/books/xdoc/str.lisp...
Error reading /home/acl2/books/xdoc/str.lisp: Package STD does not exist.

                                                Stream: #<SB-SYS:FD-STREAM for "file /home/acl2/books/xdoc/str.lisp" {10233BD163}>
  → Failed

[1498/1503] Processing /home/acl2/books/xdoc/top.lisp...
Error reading /home/acl2/books/xdoc/top.lisp: Package XDOC does not exist.

                                                Stream: #<SB-SYS:FD-STREAM for "file /home/acl2/books/xdoc/top.lisp" {10233C1873}>
  → Failed

[1499/1503] Processing /home/acl2/books/xdoc/topics.lisp...
  → Failed

[1500/1503] Processing /home/acl2/books/xdoc/unsound-eval.lisp...
  → Generated 1 definitions

[1501/1503] Processing /home/acl2/books/xdoc/verbosep.lisp...
  → Generated 2 definitions

[1502/1503] Processing /home/acl2/books/xdoc/word-wrap.lisp...
Error reading /home/acl2/books/xdoc/word-wrap.lisp: Package STR does not exist.

                                                      Stream: #<SB-SYS:FD-STREAM for "file /home/acl2/books/xdoc/word-wrap.lisp" {10234B33C3}>
  → Failed

[1503/1503] Processing /home/acl2/books/xdoc/xdoc-error.lisp...
  → Generated 5 definitions

BATCH PROCESSING COMPLETE
=========================
Total books: 1503
Successful: 293
Failed: 1210
Success rate: 19.5%
Output directory: /workspaces/acl2ml/mcp/definitions/acl2-single-session/
NIL
* 